id,created
1156986,2017-04-19T17:55:29.000Z
1157034,2017-04-20T00:55:54.000Z
1157046,2017-04-20T03:31:13.000Z
1157051,2017-04-20T04:53:52.000Z
1157052,2017-04-20T04:58:06.000Z
1157055,2017-04-20T05:57:30.000Z
1157056,2017-04-20T06:29:08.000Z
1157058,2017-04-20T07:25:04.000Z
1157059,2017-04-20T07:26:47.000Z
1157060,2017-04-20T07:34:47.000Z
1157064,2017-04-20T08:02:21.000Z
1157065,2017-04-20T09:16:20.000Z
1157067,2017-04-20T09:30:40.000Z
1157069,2017-04-20T09:47:59.000Z
1157076,2017-04-20T10:58:39.000Z
1157073,2017-04-20T11:01:00.000Z
1157078,2017-04-20T11:42:43.000Z
1157084,2017-04-20T12:21:57.000Z
1157086,2017-04-20T12:27:18.000Z
1157089,2017-04-20T12:48:48.000Z
1157093,2017-04-20T13:14:59.000Z
1157094,2017-04-20T13:20:09.000Z
1157096,2017-04-20T13:36:23.000Z
1157042,2017-04-20T13:57:51.000Z
1157119,2017-04-20T16:10:47.000Z
1157125,2017-04-20T16:37:11.000Z
1157118,2017-04-20T16:40:04.000Z
1156997,2017-04-20T17:45:54.000Z
1157142,2017-04-20T18:06:54.000Z
1157152,2017-04-20T18:47:11.000Z
1157156,2017-04-20T19:06:40.000Z
1157161,2017-04-20T19:43:06.000Z
1157163,2017-04-20T19:46:17.000Z
1157168,2017-04-20T19:58:19.000Z
1157178,2017-04-20T20:34:56.000Z
1157181,2017-04-20T20:45:40.000Z
1157185,2017-04-20T20:53:41.000Z
1157189,2017-04-20T21:06:59.000Z
1157195,2017-04-20T21:45:02.000Z
1157205,2017-04-20T23:01:13.000Z
1157206,2017-04-20T23:06:23.000Z
1157210,2017-04-20T23:36:19.000Z
1157213,2017-04-20T23:51:20.000Z
1157227,2017-04-21T01:39:17.000Z
1157233,2017-04-21T02:57:20.000Z
1157238,2017-04-21T04:34:31.000Z
1157240,2017-04-21T04:57:40.000Z
1157241,2017-04-21T05:12:48.000Z
1157246,2017-04-21T06:40:02.000Z
1157248,2017-04-21T07:24:43.000Z
1157259,2017-04-21T09:03:50.000Z
1157261,2017-04-21T09:11:44.000Z
1157263,2017-04-21T09:39:06.000Z
1157268,2017-04-21T10:01:35.000Z
1157269,2017-04-21T10:15:18.000Z
1157276,2017-04-21T11:47:12.000Z
1157286,2017-04-21T13:28:46.000Z
1157292,2017-04-21T14:07:40.000Z
1157311,2017-04-21T16:16:45.000Z
1157317,2017-04-21T16:53:02.000Z
1157318,2017-04-21T16:57:21.000Z
1157355,2017-04-21T22:13:12.000Z
1157356,2017-04-21T22:18:42.000Z
1157359,2017-04-21T23:05:28.000Z
1157360,2017-04-21T23:24:43.000Z
1157369,2017-04-22T02:19:07.000Z
1157370,2017-04-22T02:25:48.000Z
1157371,2017-04-22T02:54:05.000Z
1157372,2017-04-22T02:54:37.000Z
1157374,2017-04-22T03:12:35.000Z
1157379,2017-04-22T05:05:25.000Z
1157380,2017-04-22T05:48:22.000Z
1157381,2017-04-22T06:05:18.000Z
1157382,2017-04-22T06:32:29.000Z
1157386,2017-04-22T07:43:56.000Z
1157389,2017-04-22T07:53:36.000Z
1157397,2017-04-22T09:40:55.000Z
1157398,2017-04-22T09:41:07.000Z
1157384,2017-04-22T09:43:52.000Z
1157401,2017-04-22T10:34:29.000Z
1157405,2017-04-22T12:02:53.000Z
1157410,2017-04-22T13:27:21.000Z
1157412,2017-04-22T13:48:57.000Z
1157416,2017-04-22T14:54:25.000Z
1157426,2017-04-22T15:49:14.000Z
1157428,2017-04-22T16:31:20.000Z
1157445,2017-04-22T18:13:37.000Z
1157473,2017-04-22T23:47:43.000Z
1157479,2017-04-23T00:33:38.000Z
1157488,2017-04-23T05:55:22.000Z
1157489,2017-04-23T06:07:17.000Z
1157491,2017-04-23T07:29:39.000Z
1157492,2017-04-23T07:38:03.000Z
1157496,2017-04-23T08:55:41.000Z
1157507,2017-04-23T12:18:02.000Z
1157529,2017-04-23T17:13:11.000Z
1157538,2017-04-23T17:50:02.000Z
1157560,2017-04-23T22:07:47.000Z
1157565,2017-04-23T23:19:48.000Z
1157570,2017-04-24T00:35:16.000Z
1157576,2017-04-24T02:13:56.000Z
1157574,2017-04-24T02:37:13.000Z
1157589,2017-04-24T07:39:01.000Z
1157599,2017-04-24T08:52:48.000Z
1157603,2017-04-24T09:12:20.000Z
1157608,2017-04-24T09:36:07.000Z
1157609,2017-04-24T09:50:22.000Z
1157615,2017-04-24T10:35:00.000Z
1157617,2017-04-24T10:41:01.000Z
1157616,2017-04-24T10:41:48.000Z
1157623,2017-04-24T11:37:16.000Z
1157624,2017-04-24T12:37:17.000Z
1157601,2017-04-24T13:25:47.000Z
1157638,2017-04-24T14:55:52.000Z
1157648,2017-04-24T15:59:45.000Z
1157646,2017-04-24T16:08:56.000Z
1157656,2017-04-24T17:04:53.000Z
1157666,2017-04-24T19:35:33.000Z
1157672,2017-04-24T20:10:48.000Z
1157673,2017-04-24T20:16:12.000Z
1157690,2017-04-24T23:36:12.000Z
1157730,2017-04-25T10:49:52.000Z
1157739,2017-04-25T12:27:24.000Z
1157754,2017-04-25T14:38:37.000Z
1157762,2017-04-25T15:14:57.000Z
1157765,2017-04-25T15:34:38.000Z
1157769,2017-04-25T15:45:44.000Z
1157772,2017-04-25T15:48:56.000Z
1157774,2017-04-25T15:55:29.000Z
1157778,2017-04-25T16:10:49.000Z
1157788,2017-04-25T17:07:51.000Z
1157790,2017-04-25T17:08:07.000Z
1157792,2017-04-25T17:26:17.000Z
1157795,2017-04-25T17:56:02.000Z
1157803,2017-04-25T18:27:13.000Z
1157811,2017-04-25T19:03:16.000Z
1157813,2017-04-25T19:32:16.000Z
1157818,2017-04-25T19:40:38.000Z
1157825,2017-04-25T20:13:07.000Z
1157829,2017-04-25T20:28:59.000Z
1157741,2017-04-25T20:42:39.000Z
1157838,2017-04-25T21:30:40.000Z
1157855,2017-04-26T00:44:01.000Z
1157857,2017-04-26T01:07:04.000Z
1157870,2017-04-26T02:24:57.000Z
1157881,2017-04-26T05:51:11.000Z
1157891,2017-04-26T07:02:23.000Z
1157892,2017-04-26T07:09:38.000Z
1157898,2017-04-26T08:12:00.000Z
1157903,2017-04-26T08:37:00.000Z
1157909,2017-04-26T10:12:16.000Z
1157921,2017-04-26T12:19:13.000Z
1157922,2017-04-26T12:21:00.000Z
1157928,2017-04-26T13:12:12.000Z
1157930,2017-04-26T14:03:45.000Z
1157932,2017-04-26T14:08:09.000Z
1157933,2017-04-26T14:25:47.000Z
1157936,2017-04-26T14:38:26.000Z
1157937,2017-04-26T14:45:09.000Z
1157944,2017-04-26T15:14:55.000Z
1157945,2017-04-26T15:21:11.000Z
1157950,2017-04-26T15:46:27.000Z
1157952,2017-04-26T15:59:30.000Z
1157954,2017-04-26T16:03:21.000Z
1157956,2017-04-26T16:08:28.000Z
1157957,2017-04-26T16:15:56.000Z
1157959,2017-04-26T16:20:42.000Z
1157965,2017-04-26T16:41:52.000Z
1157968,2017-04-26T16:49:34.000Z
1157969,2017-04-26T16:58:20.000Z
1157980,2017-04-26T17:50:18.000Z
1157985,2017-04-26T18:32:28.000Z
1157986,2017-04-26T18:35:16.000Z
1157984,2017-04-26T18:57:15.000Z
1157993,2017-04-26T19:10:50.000Z
1157999,2017-04-26T19:32:41.000Z
1158001,2017-04-26T19:50:21.000Z
1157989,2017-04-26T20:01:58.000Z
1158003,2017-04-26T20:06:27.000Z
1158008,2017-04-26T20:36:34.000Z
1158012,2017-04-26T21:00:13.000Z
1158013,2017-04-26T21:01:00.000Z
1158021,2017-04-26T23:25:54.000Z
1158027,2017-04-26T23:52:56.000Z
1158031,2017-04-27T00:28:59.000Z
1158043,2017-04-27T02:48:34.000Z
1158044,2017-04-27T02:52:16.000Z
1158048,2017-04-27T03:37:09.000Z
1158049,2017-04-27T04:00:06.000Z
1158015,2017-04-27T05:13:37.000Z
1158051,2017-04-27T05:20:29.000Z
1158053,2017-04-27T06:01:46.000Z
1158066,2017-04-27T08:58:50.000Z
1158073,2017-04-27T10:35:04.000Z
1158077,2017-04-27T11:08:36.000Z
1158108,2017-04-27T15:26:00.000Z
1158118,2017-04-27T16:36:24.000Z
1158127,2017-04-27T17:21:47.000Z
1158134,2017-04-27T18:02:45.000Z
1158141,2017-04-27T19:13:58.000Z
1158170,2017-04-28T01:20:03.000Z
1158179,2017-04-28T02:52:36.000Z
1158185,2017-04-28T05:53:27.000Z
1158089,2017-04-28T06:01:57.000Z
1158192,2017-04-28T07:40:49.000Z
1158195,2017-04-28T08:40:15.000Z
1158201,2017-04-28T09:15:31.000Z
1158203,2017-04-28T09:29:18.000Z
1158210,2017-04-28T11:20:36.000Z
1158215,2017-04-28T12:07:07.000Z
1158224,2017-04-28T14:08:44.000Z
1158226,2017-04-28T14:14:26.000Z
1158246,2017-04-28T16:52:09.000Z
1158262,2017-04-28T18:42:04.000Z
1158272,2017-04-28T19:54:59.000Z
1158281,2017-04-28T21:16:08.000Z
1158284,2017-04-28T22:03:47.000Z
1158286,2017-04-28T22:11:19.000Z
1158285,2017-04-28T22:12:12.000Z
1158287,2017-04-28T22:23:06.000Z
1158301,2017-04-29T03:21:03.000Z
1158303,2017-04-29T04:49:33.000Z
1158306,2017-04-29T05:13:55.000Z
1158307,2017-04-29T05:39:47.000Z
1158325,2017-04-29T12:45:53.000Z
1158329,2017-04-29T14:02:23.000Z
1158332,2017-04-29T14:28:50.000Z
1158375,2017-04-30T00:38:56.000Z
1158386,2017-04-30T03:00:38.000Z
1158388,2017-04-30T03:27:54.000Z
1158391,2017-04-30T04:13:33.000Z
1158400,2017-04-30T08:56:51.000Z
1158430,2017-04-30T17:26:07.000Z
1158434,2017-04-30T18:07:55.000Z
1158450,2017-04-30T22:13:30.000Z
1158455,2017-04-30T23:51:01.000Z
1158456,2017-05-01T00:15:54.000Z
1158475,2017-05-01T09:10:45.000Z
1158484,2017-05-01T12:24:00.000Z
1158423,2017-05-01T17:11:40.000Z
1158511,2017-05-01T17:42:11.000Z
1158519,2017-05-01T17:57:45.000Z
1158529,2017-05-01T20:13:11.000Z
1158532,2017-05-01T21:17:02.000Z
1158533,2017-05-01T21:18:15.000Z
1158547,2017-05-02T00:33:22.000Z
1158567,2017-05-02T05:04:33.000Z
1158572,2017-05-02T07:39:30.000Z
1158574,2017-05-02T08:20:10.000Z
1158585,2017-05-02T09:54:05.000Z
1158591,2017-05-02T10:13:55.000Z
1158480,2017-05-02T11:19:03.000Z
1158607,2017-05-02T12:15:56.000Z
1158609,2017-05-02T12:23:38.000Z
1158618,2017-05-02T13:56:36.000Z
1158620,2017-05-02T15:38:40.000Z
1158645,2017-05-02T17:20:35.000Z
1158647,2017-05-02T17:29:18.000Z
1158650,2017-05-02T17:35:59.000Z
1158654,2017-05-02T18:20:01.000Z
1158582,2017-05-02T18:30:03.000Z
1158668,2017-05-02T21:27:21.000Z
1158684,2017-05-02T23:40:12.000Z
1158694,2017-05-03T01:49:00.000Z
1158704,2017-05-03T04:55:54.000Z
1158722,2017-05-03T08:50:46.000Z
1158731,2017-05-03T11:38:33.000Z
1158747,2017-05-03T14:24:03.000Z
1158765,2017-05-03T16:17:12.000Z
1158771,2017-05-03T16:36:37.000Z
1158770,2017-05-03T16:39:42.000Z
1158778,2017-05-03T17:57:40.000Z
1158797,2017-05-03T20:57:23.000Z
1158826,2017-05-04T04:00:16.000Z
1158834,2017-05-04T08:53:59.000Z
1158835,2017-05-04T08:54:41.000Z
1158845,2017-05-04T10:55:01.000Z
1158880,2017-05-04T18:15:29.000Z
1158895,2017-05-04T19:33:33.000Z
1158897,2017-05-04T19:43:16.000Z
1158918,2017-05-04T23:28:35.000Z
1158917,2017-05-04T23:33:31.000Z
1158939,2017-05-05T04:32:10.000Z
1158970,2017-05-05T12:42:52.000Z
1158971,2017-05-05T12:48:11.000Z
1158973,2017-05-05T13:00:47.000Z
1158975,2017-05-05T13:13:49.000Z
1158978,2017-05-05T14:09:51.000Z
1158993,2017-05-05T15:45:33.000Z
1158987,2017-05-05T16:21:11.000Z
1158990,2017-05-05T16:56:55.000Z
1159024,2017-05-05T19:23:11.000Z
1158986,2017-05-05T20:34:11.000Z
1159035,2017-05-05T21:15:32.000Z
1159051,2017-05-06T00:15:35.000Z
1159077,2017-05-06T13:06:53.000Z
1159084,2017-05-06T14:47:38.000Z
1159086,2017-05-06T14:52:53.000Z
1159085,2017-05-06T14:53:20.000Z
1159102,2017-05-06T17:24:29.000Z
1159117,2017-05-06T20:59:36.000Z
1159139,2017-05-07T02:05:40.000Z
1159146,2017-05-07T05:56:45.000Z
1159148,2017-05-07T05:57:44.000Z
1159151,2017-05-07T06:39:17.000Z
1159154,2017-05-07T07:30:30.000Z
1159150,2017-05-07T07:47:53.000Z
1159159,2017-05-07T10:05:36.000Z
1159192,2017-05-07T18:25:16.000Z
1159193,2017-05-07T18:27:28.000Z
1159217,2017-05-07T23:02:30.000Z
1159219,2017-05-07T23:18:30.000Z
1159232,2017-05-08T03:31:22.000Z
1159234,2017-05-08T04:39:22.000Z
1159257,2017-05-08T11:51:23.000Z
1159256,2017-05-08T11:52:43.000Z
1159272,2017-05-08T13:32:36.000Z
1159286,2017-05-08T14:55:41.000Z
1159310,2017-05-08T17:22:00.000Z
1159306,2017-05-08T17:28:59.000Z
1159311,2017-05-08T17:30:21.000Z
1159316,2017-05-08T18:02:56.000Z
1159326,2017-05-08T18:36:11.000Z
1159327,2017-05-08T18:41:22.000Z
1159331,2017-05-08T19:19:16.000Z
1159393,2017-05-09T07:28:44.000Z
1159395,2017-05-09T07:33:57.000Z
1159399,2017-05-09T08:01:13.000Z
1159408,2017-05-09T09:26:09.000Z
1159418,2017-05-09T11:23:36.000Z
1159420,2017-05-09T11:42:08.000Z
1159427,2017-05-09T12:51:41.000Z
1159449,2017-05-09T15:22:48.000Z
1159455,2017-05-09T15:48:25.000Z
1159462,2017-05-09T16:33:31.000Z
1159474,2017-05-09T17:53:20.000Z
1159485,2017-05-09T19:10:05.000Z
1159489,2017-05-09T19:45:12.000Z
1159492,2017-05-09T20:07:05.000Z
1159498,2017-05-09T20:19:48.000Z
1159502,2017-05-09T20:43:17.000Z
1159519,2017-05-10T00:06:33.000Z
1159571,2017-05-10T13:08:05.000Z
1159514,2017-05-10T13:18:19.000Z
1159600,2017-05-10T17:14:02.000Z
1159602,2017-05-10T17:24:16.000Z
1159607,2017-05-10T17:52:59.000Z
1159664,2017-05-11T01:47:41.000Z
1159691,2017-05-11T07:44:21.000Z
1159700,2017-05-11T09:10:01.000Z
1159718,2017-05-11T11:49:16.000Z
1159719,2017-05-11T11:53:50.000Z
1159730,2017-05-11T13:56:40.000Z
1159796,2017-05-11T21:58:50.000Z
1159804,2017-05-11T23:14:36.000Z
1159817,2017-05-12T04:54:43.000Z
1159822,2017-05-12T06:37:24.000Z
1159850,2017-05-12T12:11:14.000Z
1159857,2017-05-12T13:19:27.000Z
1159861,2017-05-12T13:20:43.000Z
1159862,2017-05-12T13:23:12.000Z
1159865,2017-05-12T13:33:03.000Z
1159867,2017-05-12T13:43:47.000Z
1159873,2017-05-12T14:01:25.000Z
1159877,2017-05-12T14:30:17.000Z
1159879,2017-05-12T14:35:13.000Z
1159894,2017-05-12T16:04:36.000Z
1159911,2017-05-12T18:41:10.000Z
1159928,2017-05-12T22:06:36.000Z
1159941,2017-05-13T00:15:33.000Z
1159956,2017-05-13T02:11:29.000Z
1159981,2017-05-13T11:31:08.000Z
1159996,2017-05-13T15:02:56.000Z
1159997,2017-05-13T15:39:04.000Z
1160002,2017-05-13T16:12:05.000Z
1160005,2017-05-13T16:52:14.000Z
1160012,2017-05-13T18:20:20.000Z
1160034,2017-05-14T01:11:33.000Z
1160050,2017-05-14T10:07:19.000Z
1160052,2017-05-14T10:19:12.000Z
1160056,2017-05-14T12:00:25.000Z
1160090,2017-05-14T17:59:41.000Z
1160098,2017-05-14T19:52:48.000Z
1160103,2017-05-14T21:09:59.000Z
1160117,2017-05-15T00:37:32.000Z
1160118,2017-05-15T01:07:56.000Z
1160125,2017-05-15T03:16:30.000Z
1160133,2017-05-15T04:29:44.000Z
1160135,2017-05-15T05:27:16.000Z
1160138,2017-05-15T06:58:23.000Z
1160143,2017-05-15T08:34:31.000Z
1160144,2017-05-15T09:09:32.000Z
1160148,2017-05-15T09:41:31.000Z
1160140,2017-05-15T10:00:47.000Z
1159991,2017-05-15T10:29:16.000Z
1160153,2017-05-15T10:35:45.000Z
1160165,2017-05-15T13:06:29.000Z
1160167,2017-05-15T13:13:15.000Z
1160168,2017-05-15T13:13:40.000Z
1160171,2017-05-15T13:42:29.000Z
1160173,2017-05-15T14:12:48.000Z
1160180,2017-05-15T14:35:22.000Z
1160176,2017-05-15T14:40:37.000Z
1160188,2017-05-15T15:43:45.000Z
1160142,2017-05-15T15:50:45.000Z
1160196,2017-05-15T16:21:28.000Z
1160199,2017-05-15T17:17:11.000Z
1160200,2017-05-15T17:28:33.000Z
1160212,2017-05-15T19:52:43.000Z
1160234,2017-05-15T22:18:52.000Z
1160236,2017-05-15T22:33:36.000Z
1160237,2017-05-15T22:49:11.000Z
1160240,2017-05-15T23:01:41.000Z
1160265,2017-05-16T05:01:18.000Z
1160268,2017-05-16T07:05:07.000Z
1160275,2017-05-16T08:27:30.000Z
1160280,2017-05-16T10:19:55.000Z
1160279,2017-05-16T10:33:32.000Z
1160282,2017-05-16T10:52:38.000Z
1160285,2017-05-16T11:27:39.000Z
1160298,2017-05-16T13:12:09.000Z
1160299,2017-05-16T13:30:19.000Z
1160300,2017-05-16T13:31:59.000Z
1160305,2017-05-16T13:39:17.000Z
1160337,2017-05-16T17:16:21.000Z
1160340,2017-05-16T17:25:09.000Z
1160342,2017-05-16T17:44:53.000Z
1160345,2017-05-16T17:45:24.000Z
1160348,2017-05-16T18:22:55.000Z
1160374,2017-05-16T20:46:51.000Z
1160389,2017-05-16T22:43:26.000Z
1160405,2017-05-17T02:50:31.000Z
1160407,2017-05-17T03:04:36.000Z
1160418,2017-05-17T05:04:03.000Z
1160420,2017-05-17T05:16:52.000Z
1160429,2017-05-17T07:23:01.000Z
1160435,2017-05-17T08:36:06.000Z
1160439,2017-05-17T09:12:33.000Z
1160442,2017-05-17T09:36:57.000Z
1160444,2017-05-17T09:37:52.000Z
1160446,2017-05-17T09:45:09.000Z
1160454,2017-05-17T10:32:18.000Z
1160455,2017-05-17T10:41:06.000Z
1160460,2017-05-17T11:36:35.000Z
1160462,2017-05-17T11:44:41.000Z
1160463,2017-05-17T11:46:20.000Z
1160464,2017-05-17T12:04:41.000Z
1160385,2017-05-17T12:25:21.000Z
1160468,2017-05-17T13:22:14.000Z
1160477,2017-05-17T14:09:33.000Z
1160481,2017-05-17T14:21:59.000Z
1160484,2017-05-17T14:48:55.000Z
1160486,2017-05-17T15:06:00.000Z
1160488,2017-05-17T15:22:14.000Z
1160490,2017-05-17T15:24:55.000Z
1160492,2017-05-17T15:33:39.000Z
1160501,2017-05-17T17:36:26.000Z
1160514,2017-05-17T19:11:02.000Z
1160533,2017-05-17T21:08:21.000Z
1160534,2017-05-17T21:16:34.000Z
1160547,2017-05-17T23:46:19.000Z
1160579,2017-05-18T09:00:06.000Z
1160590,2017-05-18T11:48:15.000Z
1160597,2017-05-18T13:02:19.000Z
1160600,2017-05-18T13:08:16.000Z
1160607,2017-05-18T14:16:31.000Z
1160609,2017-05-18T14:58:02.000Z
1160611,2017-05-18T15:15:06.000Z
1160612,2017-05-18T15:24:04.000Z
1160616,2017-05-18T15:40:33.000Z
1160630,2017-05-18T17:36:22.000Z
1160632,2017-05-18T17:41:47.000Z
1160635,2017-05-18T18:02:37.000Z
1160638,2017-05-18T18:13:29.000Z
1160639,2017-05-18T18:23:31.000Z
1160645,2017-05-18T19:00:26.000Z
1160647,2017-05-18T19:07:10.000Z
1160652,2017-05-18T19:48:51.000Z
1160653,2017-05-18T19:52:22.000Z
1160654,2017-05-18T19:52:52.000Z
1160650,2017-05-18T19:53:13.000Z
1160659,2017-05-18T20:10:12.000Z
1160663,2017-05-18T20:27:56.000Z
1160666,2017-05-18T20:36:45.000Z
1160667,2017-05-18T20:40:15.000Z
1160673,2017-05-18T22:35:39.000Z
1160674,2017-05-18T22:38:52.000Z
1160676,2017-05-18T22:42:17.000Z
1160685,2017-05-19T00:35:06.000Z
1160710,2017-05-19T06:53:12.000Z
1160716,2017-05-19T08:59:04.000Z
1160719,2017-05-19T10:05:49.000Z
1160733,2017-05-19T13:18:54.000Z
1160787,2017-05-19T21:07:33.000Z
1160796,2017-05-19T22:18:56.000Z
1160797,2017-05-19T22:24:51.000Z
1160800,2017-05-19T22:36:59.000Z
1160820,2017-05-20T02:53:48.000Z
1160822,2017-05-20T02:54:42.000Z
1160824,2017-05-20T04:11:37.000Z
1160828,2017-05-20T05:25:38.000Z
1160836,2017-05-20T07:41:48.000Z
1160843,2017-05-20T10:48:48.000Z
1160847,2017-05-20T11:42:02.000Z
1160849,2017-05-20T12:20:18.000Z
1160868,2017-05-20T16:14:13.000Z
1160880,2017-05-20T17:52:00.000Z
1160888,2017-05-20T19:52:43.000Z
1160905,2017-05-21T00:06:24.000Z
1160909,2017-05-21T00:54:30.000Z
1160924,2017-05-21T10:27:39.000Z
1160940,2017-05-21T14:04:12.000Z
1160956,2017-05-21T18:15:11.000Z
1160992,2017-05-22T01:09:11.000Z
1160996,2017-05-22T02:05:11.000Z
1160999,2017-05-22T02:50:02.000Z
1161000,2017-05-22T03:16:51.000Z
1161019,2017-05-22T07:25:30.000Z
1161022,2017-05-22T07:30:24.000Z
1161024,2017-05-22T07:40:59.000Z
1161040,2017-05-22T11:10:24.000Z
1161044,2017-05-22T11:24:31.000Z
1161046,2017-05-22T11:38:09.000Z
1161053,2017-05-22T12:43:55.000Z
1161054,2017-05-22T12:48:47.000Z
1161062,2017-05-22T13:51:41.000Z
1161082,2017-05-22T15:46:25.000Z
1161089,2017-05-22T16:42:57.000Z
1161111,2017-05-22T18:32:32.000Z
1161112,2017-05-22T18:37:45.000Z
1161140,2017-05-22T22:12:13.000Z
1161143,2017-05-22T22:39:23.000Z
1161150,2017-05-22T23:38:34.000Z
1161158,2017-05-23T01:20:14.000Z
1161175,2017-05-23T06:35:13.000Z
1161196,2017-05-23T12:01:54.000Z
1161222,2017-05-23T14:54:06.000Z
1161232,2017-05-23T16:07:18.000Z
1161234,2017-05-23T16:18:27.000Z
1161243,2017-05-23T17:05:39.000Z
1161247,2017-05-23T17:12:37.000Z
1161244,2017-05-23T17:26:25.000Z
1161252,2017-05-23T17:34:05.000Z
1161294,2017-05-23T23:44:30.000Z
1161303,2017-05-24T00:44:26.000Z
1161307,2017-05-24T01:11:58.000Z
1161309,2017-05-24T01:26:27.000Z
1161311,2017-05-24T01:34:04.000Z
1161312,2017-05-24T01:40:01.000Z
1161317,2017-05-24T02:44:07.000Z
1161325,2017-05-24T05:11:54.000Z
1161328,2017-05-24T05:34:16.000Z
1161338,2017-05-24T09:08:52.000Z
1161372,2017-05-24T13:14:59.000Z
1161374,2017-05-24T13:23:06.000Z
1161375,2017-05-24T13:24:00.000Z
1161376,2017-05-24T13:24:09.000Z
1161377,2017-05-24T13:26:48.000Z
1161380,2017-05-24T14:03:10.000Z
1161387,2017-05-24T14:54:14.000Z
1161392,2017-05-24T15:20:42.000Z
1161393,2017-05-24T15:20:42.000Z
1161395,2017-05-24T15:28:44.000Z
1161394,2017-05-24T15:29:01.000Z
1161397,2017-05-24T15:45:27.000Z
1161402,2017-05-24T16:16:59.000Z
1161406,2017-05-24T16:31:48.000Z
1161407,2017-05-24T16:41:48.000Z
1161411,2017-05-24T17:00:54.000Z
1161413,2017-05-24T17:17:37.000Z
1161416,2017-05-24T18:06:14.000Z
1161398,2017-05-24T18:15:31.000Z
1161418,2017-05-24T18:37:32.000Z
1161419,2017-05-24T18:51:08.000Z
1161421,2017-05-24T18:53:43.000Z
1161423,2017-05-24T19:11:01.000Z
1161424,2017-05-24T19:13:17.000Z
1161426,2017-05-24T19:21:17.000Z
1161427,2017-05-24T19:26:06.000Z
1161429,2017-05-24T19:41:25.000Z
1161432,2017-05-24T20:08:15.000Z
1161428,2017-05-24T20:31:38.000Z
1161444,2017-05-24T21:27:18.000Z
1161448,2017-05-24T21:45:55.000Z
1161451,2017-05-24T21:47:57.000Z
1161457,2017-05-24T22:36:40.000Z
1161458,2017-05-24T22:45:21.000Z
1161461,2017-05-24T23:14:23.000Z
1161463,2017-05-24T23:16:39.000Z
1161464,2017-05-24T23:23:45.000Z
1161465,2017-05-24T23:26:51.000Z
1161466,2017-05-24T23:39:28.000Z
1161474,2017-05-25T00:22:35.000Z
1161481,2017-05-25T00:41:49.000Z
1161468,2017-05-25T01:33:01.000Z
1161490,2017-05-25T02:11:57.000Z
1161485,2017-05-25T02:42:14.000Z
1161496,2017-05-25T03:17:24.000Z
1161501,2017-05-25T03:48:14.000Z
1161509,2017-05-25T05:12:23.000Z
1161512,2017-05-25T06:14:54.000Z
1161541,2017-05-25T12:00:38.000Z
1161542,2017-05-25T12:06:00.000Z
1161550,2017-05-25T13:06:08.000Z
1161554,2017-05-25T13:22:38.000Z
1161556,2017-05-25T13:46:01.000Z
1161570,2017-05-25T15:19:28.000Z
1161564,2017-05-25T16:20:19.000Z
1161583,2017-05-25T16:40:59.000Z
1161590,2017-05-25T17:20:56.000Z
1161591,2017-05-25T17:37:55.000Z
1161630,2017-05-25T22:39:07.000Z
1161648,2017-05-26T00:41:29.000Z
1161652,2017-05-26T01:02:33.000Z
1161665,2017-05-26T05:11:10.000Z
1161670,2017-05-26T06:26:07.000Z
1161678,2017-05-26T08:35:26.000Z
1161689,2017-05-26T11:42:53.000Z
1161704,2017-05-26T14:42:09.000Z
1161710,2017-05-26T15:17:01.000Z
1161225,2017-05-26T16:30:10.000Z
1161737,2017-05-26T19:00:44.000Z
1161754,2017-05-26T22:30:27.000Z
1161762,2017-05-27T00:22:25.000Z
1161785,2017-05-27T07:38:30.000Z
1161816,2017-05-27T17:52:15.000Z
1161839,2017-05-28T01:19:47.000Z
1161840,2017-05-28T01:36:54.000Z
1161848,2017-05-28T05:23:03.000Z
1161858,2017-05-28T08:13:26.000Z
1161859,2017-05-28T08:15:24.000Z
1161860,2017-05-28T08:41:01.000Z
1161862,2017-05-28T09:36:13.000Z
1161868,2017-05-28T11:55:05.000Z
1161871,2017-05-28T13:10:20.000Z
1161874,2017-05-28T13:25:51.000Z
1161875,2017-05-28T13:27:59.000Z
1161890,2017-05-28T18:09:29.000Z
1161900,2017-05-28T19:53:57.000Z
1161904,2017-05-28T20:56:52.000Z
1161912,2017-05-28T22:05:43.000Z
1161941,2017-05-29T01:27:33.000Z
1161957,2017-05-29T03:00:55.000Z
1161992,2017-05-29T08:11:29.000Z
1161994,2017-05-29T08:50:22.000Z
1162011,2017-05-29T10:44:39.000Z
1162012,2017-05-29T10:55:06.000Z
1162015,2017-05-29T11:02:29.000Z
1162016,2017-05-29T11:14:39.000Z
1162026,2017-05-29T11:42:42.000Z
1162034,2017-05-29T12:38:58.000Z
1162040,2017-05-29T13:09:00.000Z
1162055,2017-05-29T14:01:55.000Z
1162058,2017-05-29T14:10:27.000Z
1162077,2017-05-29T15:24:09.000Z
1162103,2017-05-29T17:46:31.000Z
1162106,2017-05-29T18:29:40.000Z
1162124,2017-05-29T20:39:12.000Z
1162137,2017-05-29T22:21:50.000Z
1162140,2017-05-29T22:39:51.000Z
1162158,2017-05-30T02:21:56.000Z
1162180,2017-05-30T08:10:39.000Z
1162190,2017-05-30T10:01:59.000Z
1162198,2017-05-30T11:07:04.000Z
1162200,2017-05-30T11:13:15.000Z
1162201,2017-05-30T11:31:22.000Z
1162207,2017-05-30T12:07:09.000Z
1162230,2017-05-30T14:06:12.000Z
1162241,2017-05-30T15:09:53.000Z
1162246,2017-05-30T15:38:54.000Z
1162248,2017-05-30T15:46:16.000Z
1162263,2017-05-30T16:51:22.000Z
1162273,2017-05-30T18:05:50.000Z
1162288,2017-05-30T19:37:21.000Z
1162306,2017-05-30T21:19:28.000Z
1162305,2017-05-30T21:19:40.000Z
1162307,2017-05-30T21:19:43.000Z
1162352,2017-05-31T05:03:03.000Z
1162370,2017-05-31T09:12:31.000Z
1162385,2017-05-31T11:08:29.000Z
1162399,2017-05-31T12:53:23.000Z
1162266,2017-05-31T13:44:15.000Z
1162417,2017-05-31T15:24:52.000Z
1162434,2017-05-31T16:59:00.000Z
1162438,2017-05-31T17:37:11.000Z
1162439,2017-05-31T17:38:49.000Z
1162442,2017-05-31T17:42:27.000Z
1162443,2017-05-31T17:45:14.000Z
1162468,2017-05-31T21:06:56.000Z
1162470,2017-05-31T21:28:58.000Z
1162479,2017-05-31T23:05:09.000Z
1162480,2017-05-31T23:18:56.000Z
1162478,2017-05-31T23:25:54.000Z
1162484,2017-06-01T00:12:36.000Z
1162490,2017-06-01T02:56:01.000Z
1162491,2017-06-01T03:02:41.000Z
1162494,2017-06-01T03:31:04.000Z
1162495,2017-06-01T03:40:48.000Z
1162500,2017-06-01T05:21:57.000Z
1161790,2017-06-01T07:01:04.000Z
1162510,2017-06-01T08:18:14.000Z
1162517,2017-06-01T09:24:34.000Z
1162521,2017-06-01T10:26:20.000Z
1162526,2017-06-01T11:28:24.000Z
1162529,2017-06-01T11:46:43.000Z
1162545,2017-06-01T13:52:21.000Z
1162555,2017-06-01T15:12:49.000Z
1162566,2017-06-01T17:09:13.000Z
1162569,2017-06-01T17:23:04.000Z
1162576,2017-06-01T18:28:55.000Z
1162579,2017-06-01T18:40:13.000Z
1162580,2017-06-01T18:50:28.000Z
1162581,2017-06-01T19:19:10.000Z
1162603,2017-06-01T22:49:49.000Z
1162612,2017-06-02T02:17:58.000Z
1162625,2017-06-02T05:13:56.000Z
1162626,2017-06-02T05:28:25.000Z
1162635,2017-06-02T07:58:40.000Z
1162637,2017-06-02T08:08:07.000Z
1162646,2017-06-02T10:45:14.000Z
1162653,2017-06-02T12:17:22.000Z
1162654,2017-06-02T12:28:08.000Z
1162658,2017-06-02T13:10:20.000Z
1162660,2017-06-02T13:24:16.000Z
1162682,2017-06-02T15:19:32.000Z
1162684,2017-06-02T15:29:31.000Z
1162689,2017-06-02T16:20:03.000Z
1162690,2017-06-02T16:20:27.000Z
1162693,2017-06-02T16:56:31.000Z
1162707,2017-06-02T19:06:52.000Z
1162723,2017-06-02T21:51:01.000Z
1162729,2017-06-02T23:41:30.000Z
1162732,2017-06-03T00:18:01.000Z
1162739,2017-06-03T01:26:18.000Z
1162744,2017-06-03T02:51:30.000Z
1162781,2017-06-03T15:07:26.000Z
1162790,2017-06-03T16:17:16.000Z
1162800,2017-06-03T17:55:52.000Z
1162801,2017-06-03T17:58:47.000Z
1162785,2017-06-03T18:08:52.000Z
1162803,2017-06-03T18:11:57.000Z
1162806,2017-06-03T18:31:59.000Z
1162808,2017-06-03T19:04:59.000Z
1162811,2017-06-03T20:01:06.000Z
1162812,2017-06-03T20:13:24.000Z
1162825,2017-06-03T22:42:55.000Z
1162832,2017-06-04T00:56:07.000Z
1162834,2017-06-04T01:09:29.000Z
1162851,2017-06-04T09:09:31.000Z
1162865,2017-06-04T11:05:15.000Z
1162885,2017-06-04T16:53:41.000Z
1162917,2017-06-05T00:21:00.000Z
1162976,2017-06-05T15:08:47.000Z
1162983,2017-06-05T17:05:41.000Z
1162986,2017-06-05T17:18:26.000Z
1162988,2017-06-05T17:26:32.000Z
1162999,2017-06-05T18:27:54.000Z
1163012,2017-06-05T19:32:29.000Z
1163013,2017-06-05T19:34:25.000Z
1163015,2017-06-05T19:41:55.000Z
1163019,2017-06-05T20:11:58.000Z
1163041,2017-06-05T22:57:55.000Z
1163059,2017-06-06T03:33:42.000Z
1163061,2017-06-06T03:47:22.000Z
1163067,2017-06-06T05:52:25.000Z
1163083,2017-06-06T10:01:11.000Z
1163082,2017-06-06T10:06:00.000Z
1163105,2017-06-06T13:58:26.000Z
1163108,2017-06-06T14:23:14.000Z
1163110,2017-06-06T14:53:03.000Z
1163113,2017-06-06T15:08:22.000Z
1163118,2017-06-06T15:57:04.000Z
1163140,2017-06-06T18:55:58.000Z
1163150,2017-06-06T19:47:04.000Z
1163129,2017-06-06T20:19:28.000Z
1163161,2017-06-06T21:37:59.000Z
1163163,2017-06-06T21:47:08.000Z
1163168,2017-06-06T22:27:50.000Z
1163182,2017-06-07T00:26:24.000Z
1163191,2017-06-07T02:23:41.000Z
1163153,2017-06-07T07:53:47.000Z
1163218,2017-06-07T08:22:16.000Z
1163224,2017-06-07T09:50:05.000Z
1163227,2017-06-07T10:20:05.000Z
1163228,2017-06-07T10:30:27.000Z
1163229,2017-06-07T10:32:30.000Z
1163231,2017-06-07T10:45:39.000Z
1163234,2017-06-07T11:14:51.000Z
1163235,2017-06-07T11:15:37.000Z
1163241,2017-06-07T11:36:56.000Z
1163248,2017-06-07T13:12:03.000Z
1163253,2017-06-07T15:00:24.000Z
1163269,2017-06-07T16:43:48.000Z
1163274,2017-06-07T17:35:08.000Z
1163279,2017-06-07T18:07:50.000Z
1163312,2017-06-07T22:13:15.000Z
1163313,2017-06-07T22:46:15.000Z
1163317,2017-06-07T23:07:56.000Z
1163320,2017-06-07T23:21:12.000Z
1163322,2017-06-08T00:10:01.000Z
1163176,2017-06-08T00:29:40.000Z
1163325,2017-06-08T00:44:25.000Z
1163331,2017-06-08T01:46:33.000Z
1163332,2017-06-08T01:59:31.000Z
1163350,2017-06-08T04:45:19.000Z
1163356,2017-06-08T05:35:04.000Z
1163358,2017-06-08T05:54:13.000Z
1163360,2017-06-08T06:04:08.000Z
1163355,2017-06-08T06:38:20.000Z
1163363,2017-06-08T06:47:46.000Z
1163368,2017-06-08T08:06:29.000Z
1163369,2017-06-08T08:27:28.000Z
1163370,2017-06-08T08:37:46.000Z
1163374,2017-06-08T09:58:31.000Z
1163379,2017-06-08T10:35:35.000Z
1163385,2017-06-08T12:27:41.000Z
1163388,2017-06-08T12:50:34.000Z
1163389,2017-06-08T13:24:15.000Z
1163390,2017-06-08T13:25:57.000Z
1163391,2017-06-08T13:39:06.000Z
1163394,2017-06-08T14:28:19.000Z
1163397,2017-06-08T14:45:11.000Z
1163396,2017-06-08T14:45:23.000Z
1163402,2017-06-08T15:03:57.000Z
1163400,2017-06-08T15:06:27.000Z
1163406,2017-06-08T15:40:07.000Z
1163416,2017-06-08T16:43:36.000Z
1163418,2017-06-08T16:47:07.000Z
1163419,2017-06-08T16:56:44.000Z
1163420,2017-06-08T17:08:46.000Z
1163422,2017-06-08T17:13:45.000Z
1163425,2017-06-08T17:29:38.000Z
1163428,2017-06-08T18:02:11.000Z
1163429,2017-06-08T18:14:42.000Z
1163430,2017-06-08T18:20:38.000Z
1163432,2017-06-08T19:02:58.000Z
1163437,2017-06-08T19:25:54.000Z
1163438,2017-06-08T19:29:05.000Z
1163440,2017-06-08T19:35:17.000Z
1163445,2017-06-08T19:50:27.000Z
1163446,2017-06-08T20:07:16.000Z
1163450,2017-06-08T20:36:23.000Z
1163451,2017-06-08T20:48:37.000Z
1163456,2017-06-08T22:06:48.000Z
1163457,2017-06-08T22:12:22.000Z
1163459,2017-06-08T22:15:59.000Z
1163473,2017-06-09T01:24:44.000Z
1163474,2017-06-09T01:46:15.000Z
1163475,2017-06-09T01:50:45.000Z
1163478,2017-06-09T02:59:41.000Z
1163483,2017-06-09T04:35:50.000Z
1163488,2017-06-09T05:23:11.000Z
1163489,2017-06-09T05:23:46.000Z
1163493,2017-06-09T06:09:56.000Z
1163495,2017-06-09T06:16:19.000Z
1163500,2017-06-09T11:05:26.000Z
1163504,2017-06-09T11:39:49.000Z
1163505,2017-06-09T12:13:35.000Z
1163508,2017-06-09T12:51:56.000Z
1163514,2017-06-09T14:27:49.000Z
1163516,2017-06-09T14:40:26.000Z
1163528,2017-06-09T15:47:39.000Z
1163533,2017-06-09T16:11:00.000Z
1163537,2017-06-09T16:25:41.000Z
1163567,2017-06-09T21:10:23.000Z
1163568,2017-06-09T21:13:23.000Z
1163593,2017-06-10T03:39:59.000Z
1163600,2017-06-10T07:23:11.000Z
1163601,2017-06-10T07:50:59.000Z
1163602,2017-06-10T08:50:15.000Z
1163603,2017-06-10T09:27:17.000Z
1163633,2017-06-10T19:35:31.000Z
1163656,2017-06-11T01:43:31.000Z
1163680,2017-06-11T08:53:30.000Z
1163706,2017-06-11T16:27:27.000Z
1163726,2017-06-11T19:31:00.000Z
1163761,2017-06-12T05:56:12.000Z
1163762,2017-06-12T06:19:03.000Z
1163763,2017-06-12T06:19:57.000Z
1163764,2017-06-12T06:20:35.000Z
1163765,2017-06-12T06:21:18.000Z
1163766,2017-06-12T06:22:12.000Z
1163769,2017-06-12T07:48:21.000Z
1163779,2017-06-12T10:53:49.000Z
1163780,2017-06-12T11:20:20.000Z
1163798,2017-06-12T13:51:49.000Z
1163812,2017-06-12T15:36:43.000Z
1163829,2017-06-12T17:21:15.000Z
1163834,2017-06-12T17:41:40.000Z
1163871,2017-06-12T22:26:07.000Z
1163878,2017-06-12T23:20:09.000Z
1163890,2017-06-13T02:50:04.000Z
1163898,2017-06-13T04:22:32.000Z
1163903,2017-06-13T05:46:11.000Z
1163907,2017-06-13T06:36:16.000Z
1163909,2017-06-13T07:26:59.000Z
1163917,2017-06-13T09:53:13.000Z
1163925,2017-06-13T12:08:42.000Z
1163928,2017-06-13T12:45:34.000Z
1163929,2017-06-13T12:54:23.000Z
1163930,2017-06-13T12:58:56.000Z
1163947,2017-06-13T14:36:21.000Z
1163967,2017-06-13T16:20:41.000Z
1163974,2017-06-13T16:56:16.000Z
1163987,2017-06-13T17:57:08.000Z
1163989,2017-06-13T18:21:39.000Z
1163993,2017-06-13T19:20:00.000Z
1163995,2017-06-13T19:21:43.000Z
1164015,2017-06-13T21:58:57.000Z
1164016,2017-06-13T22:20:28.000Z
1163892,2017-06-14T02:26:47.000Z
1164038,2017-06-14T02:39:40.000Z
1164049,2017-06-14T07:03:12.000Z
1164050,2017-06-14T07:03:20.000Z
1164052,2017-06-14T07:06:44.000Z
1164054,2017-06-14T07:19:15.000Z
1164056,2017-06-14T07:46:25.000Z
1164058,2017-06-14T08:02:09.000Z
1164068,2017-06-14T10:36:19.000Z
1164074,2017-06-14T11:20:52.000Z
1164079,2017-06-14T12:27:25.000Z
1164091,2017-06-14T13:49:00.000Z
1164095,2017-06-14T14:45:54.000Z
1164111,2017-06-14T16:03:26.000Z
1164117,2017-06-14T16:27:28.000Z
1164127,2017-06-14T16:52:16.000Z
1164147,2017-06-14T18:50:58.000Z
1164153,2017-06-14T19:29:13.000Z
1164163,2017-06-14T20:53:58.000Z
1164213,2017-06-15T04:12:00.000Z
1164241,2017-06-15T10:41:01.000Z
1164255,2017-06-15T12:50:50.000Z
1164257,2017-06-15T12:53:52.000Z
1164259,2017-06-15T13:02:22.000Z
1164274,2017-06-15T14:10:17.000Z
1164284,2017-06-15T14:51:58.000Z
1164321,2017-06-15T18:39:36.000Z
1164324,2017-06-15T19:28:07.000Z
1164365,2017-06-16T00:18:17.000Z
1164404,2017-06-16T08:53:59.000Z
1164409,2017-06-16T09:31:53.000Z
1164537,2017-06-17T05:33:09.000Z
1164546,2017-06-17T09:56:09.000Z
1164202,2017-06-18T06:08:22.000Z
1164640,2017-06-18T10:10:39.000Z
1164686,2017-06-18T23:15:31.000Z
1164716,2017-06-19T05:55:58.000Z
1164717,2017-06-19T06:17:57.000Z
1164665,2017-06-19T07:09:06.000Z
1164718,2017-06-19T07:37:08.000Z
1164719,2017-06-19T08:04:12.000Z
1164730,2017-06-19T08:52:25.000Z
1164731,2017-06-19T09:06:33.000Z
1164738,2017-06-19T10:29:38.000Z
1164744,2017-06-19T11:31:14.000Z
1164745,2017-06-19T11:33:53.000Z
1164746,2017-06-19T11:34:17.000Z
1164750,2017-06-19T11:47:21.000Z
1164754,2017-06-19T12:34:09.000Z
1164756,2017-06-19T12:38:41.000Z
1164762,2017-06-19T13:44:28.000Z
1164771,2017-06-19T14:54:56.000Z
1164773,2017-06-19T15:02:11.000Z
1164782,2017-06-19T15:39:05.000Z
1164783,2017-06-19T15:43:41.000Z
1164795,2017-06-19T16:40:38.000Z
1164794,2017-06-19T16:41:57.000Z
1164797,2017-06-19T16:48:09.000Z
1164804,2017-06-19T17:32:27.000Z
1164805,2017-06-19T17:36:23.000Z
1164815,2017-06-19T18:29:47.000Z
1164818,2017-06-19T18:39:41.000Z
1164820,2017-06-19T18:49:18.000Z
1164821,2017-06-19T19:13:21.000Z
1164826,2017-06-19T19:29:02.000Z
1164829,2017-06-19T20:06:19.000Z
1164833,2017-06-19T20:27:21.000Z
1164836,2017-06-19T20:36:50.000Z
1164841,2017-06-19T21:50:18.000Z
1164842,2017-06-19T21:50:26.000Z
1164848,2017-06-19T22:17:49.000Z
1164851,2017-06-19T22:28:17.000Z
1164855,2017-06-19T23:20:08.000Z
1164856,2017-06-19T23:24:00.000Z
1164860,2017-06-19T23:51:11.000Z
1164866,2017-06-20T02:06:57.000Z
1164868,2017-06-20T02:41:34.000Z
1164876,2017-06-20T03:44:31.000Z
1164889,2017-06-20T08:57:57.000Z
1164890,2017-06-20T09:00:34.000Z
1164895,2017-06-20T09:40:43.000Z
1164896,2017-06-20T09:59:16.000Z
1164899,2017-06-20T10:40:23.000Z
1164901,2017-06-20T11:01:48.000Z
1164902,2017-06-20T11:11:22.000Z
1164912,2017-06-20T13:32:46.000Z
1164915,2017-06-20T13:44:12.000Z
1164936,2017-06-20T17:01:02.000Z
1164939,2017-06-20T17:37:06.000Z
1164952,2017-06-20T19:41:27.000Z
1164967,2017-06-20T20:45:52.000Z
1164970,2017-06-20T20:55:22.000Z
1164971,2017-06-20T21:13:16.000Z
1164978,2017-06-20T22:42:53.000Z
1164981,2017-06-20T23:37:54.000Z
1164982,2017-06-20T23:40:54.000Z
1164986,2017-06-21T00:24:35.000Z
1164991,2017-06-21T00:43:08.000Z
1164992,2017-06-21T01:21:10.000Z
1164993,2017-06-21T01:41:45.000Z
1164995,2017-06-21T02:11:37.000Z
1165003,2017-06-21T04:52:54.000Z
1165005,2017-06-21T05:12:46.000Z
1165008,2017-06-21T06:00:14.000Z
1165011,2017-06-21T06:44:58.000Z
1165014,2017-06-21T07:17:15.000Z
1165016,2017-06-21T07:57:23.000Z
1165017,2017-06-21T08:01:45.000Z
1165018,2017-06-21T08:46:40.000Z
1165020,2017-06-21T08:49:03.000Z
1165033,2017-06-21T11:24:52.000Z
1165035,2017-06-21T11:32:47.000Z
1165038,2017-06-21T11:47:31.000Z
1165043,2017-06-21T12:10:24.000Z
1165039,2017-06-21T12:22:04.000Z
1165059,2017-06-21T13:37:24.000Z
1165060,2017-06-21T13:41:00.000Z
1165063,2017-06-21T14:39:36.000Z
1165070,2017-06-21T15:05:12.000Z
1164482,2017-06-21T15:07:57.000Z
1165071,2017-06-21T15:19:29.000Z
1165072,2017-06-21T15:20:58.000Z
1165073,2017-06-21T15:22:27.000Z
1165075,2017-06-21T15:25:41.000Z
1165074,2017-06-21T15:26:58.000Z
1165082,2017-06-21T15:55:06.000Z
1165085,2017-06-21T16:13:29.000Z
1165098,2017-06-21T17:47:45.000Z
1165100,2017-06-21T17:59:18.000Z
1165101,2017-06-21T18:04:29.000Z
1165102,2017-06-21T18:32:02.000Z
1165103,2017-06-21T18:36:19.000Z
1165121,2017-06-21T21:11:11.000Z
1165139,2017-06-22T00:35:59.000Z
1165165,2017-06-22T05:42:51.000Z
1165171,2017-06-22T07:15:37.000Z
1165178,2017-06-22T08:08:38.000Z
1165181,2017-06-22T09:14:43.000Z
1165187,2017-06-22T09:48:00.000Z
1165190,2017-06-22T10:20:51.000Z
1165194,2017-06-22T11:01:01.000Z
1165196,2017-06-22T11:06:11.000Z
1165200,2017-06-22T11:20:40.000Z
1165202,2017-06-22T11:39:05.000Z
1165219,2017-06-22T14:36:16.000Z
1165222,2017-06-22T14:42:21.000Z
1165226,2017-06-22T15:07:36.000Z
1165235,2017-06-22T15:54:49.000Z
1165237,2017-06-22T16:04:35.000Z
1165238,2017-06-22T16:05:36.000Z
1165250,2017-06-22T17:13:52.000Z
1165257,2017-06-22T17:49:19.000Z
1165261,2017-06-22T18:12:28.000Z
1165266,2017-06-22T19:51:43.000Z
1165280,2017-06-22T20:54:59.000Z
1165286,2017-06-22T21:18:00.000Z
1165311,2017-06-23T00:20:57.000Z
1165312,2017-06-23T00:21:48.000Z
1165334,2017-06-23T07:06:56.000Z
1165335,2017-06-23T07:28:16.000Z
1165339,2017-06-23T08:29:00.000Z
1165342,2017-06-23T08:43:36.000Z
1165351,2017-06-23T11:12:41.000Z
1165365,2017-06-23T13:38:29.000Z
1165377,2017-06-23T15:52:26.000Z
1165416,2017-06-23T21:33:53.000Z
1165448,2017-06-24T06:41:36.000Z
1165454,2017-06-24T09:13:40.000Z
1165473,2017-06-24T15:41:46.000Z
1165499,2017-06-24T21:16:30.000Z
1165501,2017-06-24T21:31:49.000Z
1165502,2017-06-24T21:37:57.000Z
1165534,2017-06-25T09:49:55.000Z
1165538,2017-06-25T11:05:24.000Z
1165540,2017-06-25T11:21:27.000Z
1165544,2017-06-25T12:28:10.000Z
1165546,2017-06-25T13:53:47.000Z
1165547,2017-06-25T13:55:40.000Z
1165555,2017-06-25T15:15:53.000Z
1165571,2017-06-25T17:44:19.000Z
1165573,2017-06-25T17:51:12.000Z
1165575,2017-06-25T18:00:07.000Z
1165576,2017-06-25T18:24:35.000Z
1165580,2017-06-25T19:44:10.000Z
1165605,2017-06-26T04:05:05.000Z
1165625,2017-06-26T05:18:49.000Z
1165629,2017-06-26T06:09:10.000Z
1165639,2017-06-26T11:15:35.000Z
1165641,2017-06-26T11:30:20.000Z
1165645,2017-06-26T12:07:49.000Z
1165647,2017-06-26T12:31:28.000Z
1165654,2017-06-26T13:41:59.000Z
1165655,2017-06-26T13:43:13.000Z
1165667,2017-06-26T15:19:17.000Z
1165670,2017-06-26T15:23:41.000Z
1165676,2017-06-26T16:01:21.000Z
1165679,2017-06-26T16:08:57.000Z
1165692,2017-06-26T18:12:29.000Z
1165696,2017-06-26T18:34:56.000Z
1165697,2017-06-26T18:44:37.000Z
1165698,2017-06-26T18:45:57.000Z
1165705,2017-06-26T20:05:01.000Z
1165708,2017-06-26T20:24:56.000Z
1165711,2017-06-26T20:40:38.000Z
1165730,2017-06-26T23:36:40.000Z
1165733,2017-06-26T23:58:41.000Z
1165751,2017-06-27T02:49:47.000Z
1165765,2017-06-27T07:45:20.000Z
1165779,2017-06-27T10:21:55.000Z
1165841,2017-06-27T19:37:29.000Z
1165852,2017-06-27T20:45:03.000Z
1165918,2017-06-28T12:46:45.000Z
1165917,2017-06-28T13:19:21.000Z
1165925,2017-06-28T13:37:09.000Z
1165936,2017-06-28T15:19:10.000Z
1165942,2017-06-28T16:11:08.000Z
1165966,2017-06-28T17:58:39.000Z
1165982,2017-06-28T19:51:34.000Z
1165983,2017-06-28T19:55:29.000Z
1165988,2017-06-28T21:23:47.000Z
1165992,2017-06-28T22:28:51.000Z
1165997,2017-06-28T23:13:46.000Z
1166034,2017-06-29T07:39:10.000Z
1166035,2017-06-29T07:46:21.000Z
1166037,2017-06-29T07:57:59.000Z
1166038,2017-06-29T08:22:12.000Z
1166060,2017-06-29T12:25:29.000Z
1166061,2017-06-29T12:37:12.000Z
1166066,2017-06-29T13:09:26.000Z
1166077,2017-06-29T14:04:45.000Z
1166075,2017-06-29T14:57:22.000Z
1166085,2017-06-29T14:59:11.000Z
1166091,2017-06-29T15:22:54.000Z
1166093,2017-06-29T15:32:52.000Z
1166096,2017-06-29T16:17:52.000Z
1166099,2017-06-29T16:33:12.000Z
1166109,2017-06-29T17:33:35.000Z
1166114,2017-06-29T18:24:32.000Z
1166133,2017-06-29T21:12:01.000Z
1166149,2017-06-29T23:14:32.000Z
1166178,2017-06-30T06:23:59.000Z
1166186,2017-06-30T08:41:00.000Z
1166190,2017-06-30T09:06:22.000Z
1166213,2017-06-30T13:58:58.000Z
1166215,2017-06-30T14:10:06.000Z
1166221,2017-06-30T14:46:45.000Z
1166222,2017-06-30T14:57:55.000Z
1166224,2017-06-30T15:15:00.000Z
1166226,2017-06-30T15:28:51.000Z
1166238,2017-06-30T17:26:31.000Z
1166237,2017-06-30T17:26:50.000Z
1166155,2017-06-30T17:57:40.000Z
1166246,2017-06-30T18:37:05.000Z
1166252,2017-06-30T19:34:14.000Z
1166269,2017-07-01T00:28:37.000Z
1166275,2017-07-01T01:43:14.000Z
1166294,2017-07-01T09:47:35.000Z
1166298,2017-07-01T12:26:43.000Z
1166299,2017-07-01T12:38:39.000Z
1166307,2017-07-01T13:55:57.000Z
1166309,2017-07-01T14:23:52.000Z
1166322,2017-07-01T16:01:18.000Z
1166324,2017-07-01T16:23:09.000Z
1166347,2017-07-01T20:24:44.000Z
1166346,2017-07-01T20:25:21.000Z
1166404,2017-07-02T14:13:36.000Z
1166405,2017-07-02T14:29:43.000Z
1166407,2017-07-02T14:40:08.000Z
1166416,2017-07-02T15:46:08.000Z
1166425,2017-07-02T17:29:10.000Z
1166445,2017-07-02T20:38:47.000Z
1166430,2017-07-02T21:03:30.000Z
1166458,2017-07-02T23:27:52.000Z
1166465,2017-07-03T00:53:47.000Z
1166515,2017-07-03T15:52:23.000Z
1166528,2017-07-03T17:14:27.000Z
1166563,2017-07-03T23:38:08.000Z
1166593,2017-07-04T10:55:05.000Z
1166600,2017-07-04T12:38:42.000Z
1166645,2017-07-04T18:17:40.000Z
1166675,2017-07-04T23:25:21.000Z
1166677,2017-07-04T23:38:23.000Z
1166681,2017-07-05T00:36:20.000Z
1166688,2017-07-05T03:40:58.000Z
1166701,2017-07-05T09:16:00.000Z
1166705,2017-07-05T09:35:41.000Z
1166707,2017-07-05T09:52:20.000Z
1166740,2017-07-05T17:35:31.000Z
1166741,2017-07-05T17:39:06.000Z
1166759,2017-07-05T20:35:27.000Z
1166797,2017-07-06T06:06:37.000Z
1166803,2017-07-06T07:22:05.000Z
1166804,2017-07-06T07:54:21.000Z
1166805,2017-07-06T08:01:07.000Z
1166832,2017-07-06T12:32:11.000Z
1166837,2017-07-06T13:44:19.000Z
1166846,2017-07-06T14:49:37.000Z
1166848,2017-07-06T14:53:46.000Z
1166849,2017-07-06T14:55:14.000Z
1166850,2017-07-06T14:57:36.000Z
1166822,2017-07-06T15:08:10.000Z
1166856,2017-07-06T15:14:56.000Z
1166868,2017-07-06T16:20:34.000Z
1166901,2017-07-06T20:54:51.000Z
1166905,2017-07-06T21:39:56.000Z
1166928,2017-07-07T03:54:56.000Z
1166930,2017-07-07T04:37:32.000Z
1166944,2017-07-07T09:29:00.000Z
1166953,2017-07-07T12:54:36.000Z
1166962,2017-07-07T14:24:42.000Z
1166964,2017-07-07T14:47:04.000Z
1166967,2017-07-07T15:36:56.000Z
1166973,2017-07-07T16:03:08.000Z
1166872,2017-07-07T16:09:39.000Z
1166976,2017-07-07T16:22:33.000Z
1166993,2017-07-07T18:52:53.000Z
1166996,2017-07-07T19:46:26.000Z
1167004,2017-07-07T21:51:15.000Z
1167025,2017-07-08T01:43:15.000Z
1167035,2017-07-08T04:14:04.000Z
1167040,2017-07-08T05:51:00.000Z
1167046,2017-07-08T08:17:46.000Z
1167052,2017-07-08T10:48:26.000Z
1167072,2017-07-08T16:26:20.000Z
1167079,2017-07-08T17:19:22.000Z
1167116,2017-07-09T00:01:53.000Z
1167118,2017-07-09T01:01:26.000Z
1167119,2017-07-09T01:18:53.000Z
1167134,2017-07-09T11:05:07.000Z
1167135,2017-07-09T11:05:32.000Z
1167133,2017-07-09T12:31:47.000Z
1167156,2017-07-09T16:41:54.000Z
1167217,2017-07-10T07:15:45.000Z
1167269,2017-07-10T17:15:13.000Z
1167331,2017-07-11T01:20:53.000Z
1167336,2017-07-11T02:39:19.000Z
1167337,2017-07-11T03:01:15.000Z
1167339,2017-07-11T04:44:17.000Z
1167343,2017-07-11T06:20:47.000Z
1167345,2017-07-11T07:26:06.000Z
1167362,2017-07-11T12:03:00.000Z
1167363,2017-07-11T12:04:15.000Z
1167393,2017-07-11T16:40:31.000Z
1167399,2017-07-11T17:17:47.000Z
1167409,2017-07-11T18:13:10.000Z
1167434,2017-07-11T21:59:11.000Z
1167446,2017-07-11T23:48:10.000Z
1167455,2017-07-12T00:53:37.000Z
1167473,2017-07-12T06:35:04.000Z
1167477,2017-07-12T07:29:33.000Z
1167481,2017-07-12T08:37:43.000Z
1167487,2017-07-12T09:40:30.000Z
1167488,2017-07-12T09:54:29.000Z
1167493,2017-07-12T10:49:24.000Z
1167494,2017-07-12T10:56:26.000Z
1167500,2017-07-12T12:29:08.000Z
1167512,2017-07-12T13:54:17.000Z
1167521,2017-07-12T14:49:36.000Z
1167534,2017-07-12T15:57:31.000Z
1167570,2017-07-12T19:16:13.000Z
1167635,2017-07-13T07:26:19.000Z
1167644,2017-07-13T09:09:47.000Z
1167645,2017-07-13T09:11:02.000Z
1167647,2017-07-13T09:48:03.000Z
1167652,2017-07-13T10:28:28.000Z
1167656,2017-07-13T11:24:35.000Z
1167660,2017-07-13T12:24:35.000Z
1167668,2017-07-13T13:32:21.000Z
1167669,2017-07-13T13:45:10.000Z
1167678,2017-07-13T14:49:40.000Z
1167694,2017-07-13T15:53:45.000Z
1167709,2017-07-13T17:15:16.000Z
1167733,2017-07-13T20:31:22.000Z
1167765,2017-07-14T03:30:31.000Z
1167780,2017-07-14T09:45:08.000Z
1167782,2017-07-14T10:53:09.000Z
1167793,2017-07-14T12:58:18.000Z
1167800,2017-07-14T14:05:35.000Z
1167802,2017-07-14T14:12:34.000Z
1167805,2017-07-14T14:46:56.000Z
1167809,2017-07-14T14:59:34.000Z
1167828,2017-07-14T18:09:38.000Z
1167830,2017-07-14T18:20:07.000Z
1167857,2017-07-14T23:39:58.000Z
1167974,2017-07-16T17:19:26.000Z
1167997,2017-07-16T21:27:13.000Z
1168040,2017-07-17T07:48:53.000Z
1168065,2017-07-17T13:30:08.000Z
1168066,2017-07-17T13:46:41.000Z
1168067,2017-07-17T13:57:37.000Z
1168076,2017-07-17T14:53:26.000Z
1168074,2017-07-17T14:55:15.000Z
1168083,2017-07-17T15:46:23.000Z
1168088,2017-07-17T16:09:26.000Z
1168089,2017-07-17T16:09:28.000Z
1168084,2017-07-17T16:24:16.000Z
1168134,2017-07-17T21:53:21.000Z
1168195,2017-07-18T11:12:49.000Z
1168212,2017-07-18T13:29:11.000Z
1168237,2017-07-18T15:00:58.000Z
1168281,2017-07-18T19:34:45.000Z
1168351,2017-07-19T09:49:16.000Z
1168365,2017-07-19T13:07:20.000Z
1168390,2017-07-19T16:44:20.000Z
1168398,2017-07-19T17:13:49.000Z
1168513,2017-07-20T17:13:19.000Z
1168537,2017-07-20T19:35:35.000Z
1168620,2017-07-21T15:09:16.000Z
1168632,2017-07-21T16:38:59.000Z
1168638,2017-07-21T17:39:37.000Z
1168660,2017-07-21T21:00:24.000Z
1168676,2017-07-22T01:15:29.000Z
1168713,2017-07-22T15:08:57.000Z
1168721,2017-07-22T17:10:22.000Z
1168735,2017-07-22T19:55:09.000Z
1168782,2017-07-23T12:03:36.000Z
1168786,2017-07-23T14:28:18.000Z
1168809,2017-07-23T19:08:58.000Z
1168816,2017-07-23T19:57:52.000Z
1168826,2017-07-23T21:51:59.000Z
1168761,2017-07-23T22:18:59.000Z
1168885,2017-07-24T15:35:06.000Z
1168889,2017-07-24T16:15:38.000Z
1168908,2017-07-24T18:37:42.000Z
1168911,2017-07-24T19:16:26.000Z
1168915,2017-07-24T19:40:33.000Z
1168944,2017-07-24T23:25:29.000Z
1168947,2017-07-24T23:42:31.000Z
1169000,2017-07-25T13:33:21.000Z
1168996,2017-07-25T14:57:16.000Z
1169024,2017-07-25T15:53:43.000Z
1169118,2017-07-26T10:47:49.000Z
1169228,2017-07-27T07:08:04.000Z
1169231,2017-07-27T07:23:41.000Z
1169243,2017-07-27T09:41:24.000Z
1169248,2017-07-27T10:27:22.000Z
1169264,2017-07-27T13:58:53.000Z
1169321,2017-07-27T21:27:42.000Z
1169346,2017-07-28T02:57:06.000Z
1169347,2017-07-28T02:57:15.000Z
1169348,2017-07-28T03:09:51.000Z
1169467,2017-07-29T06:17:28.000Z
1169473,2017-07-29T08:10:05.000Z
1169480,2017-07-29T10:26:07.000Z
1169481,2017-07-29T10:43:09.000Z
1169486,2017-07-29T11:26:33.000Z
1169490,2017-07-29T14:08:10.000Z
1169512,2017-07-29T18:32:50.000Z
1169514,2017-07-29T19:43:02.000Z
1169539,2017-07-30T02:01:23.000Z
1169540,2017-07-30T02:09:25.000Z
1169550,2017-07-30T08:13:17.000Z
1169557,2017-07-30T09:53:24.000Z
1169572,2017-07-30T15:08:05.000Z
1169578,2017-07-30T16:25:19.000Z
1169580,2017-07-30T16:35:47.000Z
1169583,2017-07-30T17:14:37.000Z
1169586,2017-07-30T17:31:17.000Z
1169619,2017-07-31T04:24:44.000Z
1169623,2017-07-31T07:03:23.000Z
1169630,2017-07-31T08:48:09.000Z
1169638,2017-07-31T11:48:11.000Z
1169663,2017-07-31T16:23:52.000Z
1169547,2017-07-31T17:52:36.000Z
1169700,2017-07-31T21:08:54.000Z
1169736,2017-08-01T07:26:23.000Z
1169747,2017-08-01T11:34:34.000Z
1169757,2017-08-01T12:53:59.000Z
1169763,2017-08-01T14:42:39.000Z
1169767,2017-08-01T15:05:27.000Z
1169772,2017-08-01T16:00:10.000Z
1169774,2017-08-01T16:06:34.000Z
1169857,2017-08-02T11:17:57.000Z
1169913,2017-08-02T21:10:30.000Z
1169935,2017-08-03T01:07:08.000Z
1169974,2017-08-03T11:26:33.000Z
1170005,2017-08-03T16:22:05.000Z
1170004,2017-08-03T16:22:23.000Z
1170009,2017-08-03T17:04:51.000Z
1170036,2017-08-03T20:25:28.000Z
1170047,2017-08-03T21:52:26.000Z
1170092,2017-08-04T06:53:36.000Z
1170098,2017-08-04T09:30:46.000Z
1170111,2017-08-04T09:50:21.000Z
1170115,2017-08-04T10:19:40.000Z
1170208,2017-08-05T05:49:30.000Z
1170212,2017-08-05T07:07:22.000Z
1170235,2017-08-05T14:51:49.000Z
1170289,2017-08-06T05:32:25.000Z
1170292,2017-08-06T06:04:47.000Z
1170300,2017-08-06T10:58:11.000Z
1170304,2017-08-06T12:12:14.000Z
1170315,2017-08-06T14:35:50.000Z
1170324,2017-08-06T16:29:35.000Z
1170361,2017-08-07T01:14:29.000Z
1170365,2017-08-07T02:12:42.000Z
1170369,2017-08-07T03:39:49.000Z
1170373,2017-08-07T04:28:21.000Z
1170383,2017-08-07T07:34:55.000Z
1170387,2017-08-07T08:10:25.000Z
1170392,2017-08-07T09:21:56.000Z
1170400,2017-08-07T11:18:05.000Z
1170403,2017-08-07T12:00:07.000Z
1170407,2017-08-07T12:48:33.000Z
1170409,2017-08-07T13:26:20.000Z
1170410,2017-08-07T13:31:59.000Z
1170419,2017-08-07T14:55:32.000Z
1170433,2017-08-07T17:46:46.000Z
1170436,2017-08-07T17:57:09.000Z
1170444,2017-08-07T18:54:09.000Z
1170459,2017-08-07T20:52:30.000Z
1170492,2017-08-08T03:29:28.000Z
1170516,2017-08-08T09:47:36.000Z
1170518,2017-08-08T10:01:42.000Z
1170530,2017-08-08T11:36:27.000Z
1170569,2017-08-08T16:25:47.000Z
1170639,2017-08-09T01:50:17.000Z
1170646,2017-08-09T03:50:28.000Z
1170647,2017-08-09T04:02:01.000Z
1170653,2017-08-09T04:23:46.000Z
1170650,2017-08-09T04:40:13.000Z
1170659,2017-08-09T06:14:48.000Z
1170663,2017-08-09T06:54:51.000Z
1170664,2017-08-09T06:57:37.000Z
1170667,2017-08-09T07:12:34.000Z
1170668,2017-08-09T07:19:10.000Z
1170675,2017-08-09T08:19:21.000Z
1170689,2017-08-09T11:17:03.000Z
1170720,2017-08-09T15:25:35.000Z
1170734,2017-08-09T17:13:58.000Z
1170736,2017-08-09T17:23:06.000Z
1170740,2017-08-09T17:42:31.000Z
1170757,2017-08-09T18:58:01.000Z
1170753,2017-08-09T19:23:07.000Z
1170781,2017-08-09T22:08:48.000Z
1170790,2017-08-09T23:23:56.000Z
1170797,2017-08-10T01:08:26.000Z
1170820,2017-08-10T08:19:33.000Z
1170822,2017-08-10T09:00:20.000Z
1170829,2017-08-10T09:35:07.000Z
1170832,2017-08-10T12:01:11.000Z
1170834,2017-08-10T12:06:23.000Z
1170836,2017-08-10T12:30:26.000Z
1170839,2017-08-10T12:51:35.000Z
1170838,2017-08-10T13:27:01.000Z
1170853,2017-08-10T14:13:07.000Z
1170854,2017-08-10T14:19:28.000Z
1170857,2017-08-10T14:22:23.000Z
1170859,2017-08-10T14:31:05.000Z
1170860,2017-08-10T14:34:48.000Z
1170864,2017-08-10T14:40:13.000Z
1170870,2017-08-10T15:16:46.000Z
1170879,2017-08-10T16:06:45.000Z
1170899,2017-08-10T17:45:22.000Z
1170911,2017-08-10T19:03:49.000Z
1170922,2017-08-10T20:16:01.000Z
1170933,2017-08-10T21:33:49.000Z
1170934,2017-08-10T21:37:39.000Z
1170936,2017-08-10T21:53:01.000Z
1170939,2017-08-10T22:25:43.000Z
1170946,2017-08-10T22:56:06.000Z
1170958,2017-08-11T00:53:13.000Z
1170964,2017-08-11T02:35:48.000Z
1170979,2017-08-11T04:15:05.000Z
1170986,2017-08-11T05:57:12.000Z
1171001,2017-08-11T09:26:58.000Z
1171006,2017-08-11T10:55:20.000Z
1171013,2017-08-11T11:48:38.000Z
1171025,2017-08-11T14:36:02.000Z
1171031,2017-08-11T15:29:28.000Z
1171033,2017-08-11T15:46:31.000Z
1171034,2017-08-11T15:50:10.000Z
1171045,2017-08-11T17:07:20.000Z
1171049,2017-08-11T17:30:51.000Z
1171051,2017-08-11T17:47:51.000Z
1171058,2017-08-11T18:15:53.000Z
1171061,2017-08-11T18:21:16.000Z
1171070,2017-08-11T19:30:26.000Z
1171074,2017-08-11T20:14:43.000Z
1171082,2017-08-11T21:39:28.000Z
1171085,2017-08-11T21:53:55.000Z
1171087,2017-08-11T21:55:14.000Z
1171088,2017-08-11T23:42:46.000Z
1171098,2017-08-12T00:00:18.000Z
1171111,2017-08-12T03:17:04.000Z
1171115,2017-08-12T04:32:50.000Z
1171121,2017-08-12T05:32:50.000Z
1171140,2017-08-12T10:25:31.000Z
1171101,2017-08-12T13:55:05.000Z
1171156,2017-08-12T14:28:01.000Z
1171163,2017-08-12T15:52:03.000Z
1171164,2017-08-12T16:22:46.000Z
1171172,2017-08-12T17:13:27.000Z
1171180,2017-08-12T18:00:57.000Z
1171202,2017-08-12T23:01:17.000Z
1171207,2017-08-13T00:46:33.000Z
1171219,2017-08-13T04:46:21.000Z
1171220,2017-08-13T04:50:06.000Z
1171231,2017-08-13T09:37:16.000Z
1171237,2017-08-13T12:44:51.000Z
1171238,2017-08-13T12:57:35.000Z
1171240,2017-08-13T13:09:31.000Z
1171246,2017-08-13T14:07:21.000Z
1171250,2017-08-13T15:27:09.000Z
1171254,2017-08-13T16:47:40.000Z
1171256,2017-08-13T17:13:14.000Z
1171257,2017-08-13T17:20:27.000Z
1171264,2017-08-13T19:14:48.000Z
1171270,2017-08-13T20:39:40.000Z
1171276,2017-08-13T21:12:38.000Z
1171278,2017-08-13T21:56:40.000Z
1171283,2017-08-13T23:10:37.000Z
1171289,2017-08-14T00:40:47.000Z
1170629,2017-08-14T00:45:43.000Z
1171297,2017-08-14T01:59:59.000Z
1171298,2017-08-14T02:01:46.000Z
1171300,2017-08-14T02:31:31.000Z
1171303,2017-08-14T03:32:34.000Z
1171309,2017-08-14T05:09:20.000Z
1171316,2017-08-14T06:19:50.000Z
1171324,2017-08-14T08:24:47.000Z
1171325,2017-08-14T08:27:44.000Z
1171328,2017-08-14T09:53:53.000Z
1171337,2017-08-14T12:34:33.000Z
1171341,2017-08-14T14:18:56.000Z
1171345,2017-08-14T14:34:44.000Z
1171351,2017-08-14T15:18:03.000Z
1171355,2017-08-14T15:35:36.000Z
1171356,2017-08-14T15:44:46.000Z
1171364,2017-08-14T17:03:04.000Z
1171372,2017-08-14T17:30:18.000Z
1171374,2017-08-14T17:50:30.000Z
1171377,2017-08-14T18:02:29.000Z
1171411,2017-08-14T23:14:18.000Z
1171370,2017-08-15T01:28:02.000Z
1171428,2017-08-15T02:58:41.000Z
1171431,2017-08-15T03:54:13.000Z
1171442,2017-08-15T06:45:53.000Z
1171443,2017-08-15T07:21:36.000Z
1171445,2017-08-15T07:24:37.000Z
1171444,2017-08-15T07:25:10.000Z
1171446,2017-08-15T07:38:55.000Z
1171447,2017-08-15T07:42:05.000Z
1171459,2017-08-15T10:09:52.000Z
1171468,2017-08-15T12:02:51.000Z
1171470,2017-08-15T12:36:08.000Z
1171475,2017-08-15T13:12:32.000Z
1171478,2017-08-15T13:55:26.000Z
1171484,2017-08-15T14:28:33.000Z
1171487,2017-08-15T14:42:15.000Z
1171490,2017-08-15T15:00:55.000Z
1171507,2017-08-15T16:29:27.000Z
1171506,2017-08-15T16:29:33.000Z
1171511,2017-08-15T16:51:34.000Z
1171513,2017-08-15T17:01:28.000Z
1171516,2017-08-15T17:30:38.000Z
1171521,2017-08-15T18:45:12.000Z
1171525,2017-08-15T19:13:06.000Z
1171505,2017-08-15T19:16:12.000Z
1171526,2017-08-15T19:22:48.000Z
1171527,2017-08-15T19:42:07.000Z
1171530,2017-08-15T19:58:04.000Z
1171535,2017-08-15T20:40:43.000Z
1171536,2017-08-15T20:48:43.000Z
1171548,2017-08-15T21:45:44.000Z
1171553,2017-08-15T22:26:48.000Z
1171555,2017-08-15T22:30:29.000Z
1171556,2017-08-15T22:43:14.000Z
1171557,2017-08-15T22:46:46.000Z
1171559,2017-08-15T22:47:53.000Z
1171558,2017-08-15T22:47:54.000Z
1171564,2017-08-15T23:38:15.000Z
1171565,2017-08-16T00:18:04.000Z
1171568,2017-08-16T00:41:36.000Z
1171571,2017-08-16T01:57:11.000Z
1171573,2017-08-16T02:21:32.000Z
1171574,2017-08-16T02:32:42.000Z
1171591,2017-08-16T07:52:51.000Z
1171597,2017-08-16T08:47:34.000Z
1171600,2017-08-16T09:10:24.000Z
1171604,2017-08-16T09:46:27.000Z
1171607,2017-08-16T10:04:54.000Z
1171608,2017-08-16T10:41:13.000Z
1171616,2017-08-16T12:16:36.000Z
1171615,2017-08-16T12:24:41.000Z
1171623,2017-08-16T13:18:55.000Z
1171629,2017-08-16T14:03:19.000Z
1171634,2017-08-16T14:20:31.000Z
1171639,2017-08-16T14:59:43.000Z
1171640,2017-08-16T15:03:04.000Z
1171650,2017-08-16T16:09:12.000Z
1171651,2017-08-16T16:12:48.000Z
1171657,2017-08-16T16:35:50.000Z
1171658,2017-08-16T16:38:51.000Z
1171659,2017-08-16T16:47:28.000Z
1171674,2017-08-16T18:03:20.000Z
1171675,2017-08-16T18:04:07.000Z
1171662,2017-08-16T18:25:01.000Z
1171678,2017-08-16T18:38:37.000Z
1171679,2017-08-16T18:39:50.000Z
1171687,2017-08-16T21:04:16.000Z
1171688,2017-08-16T21:09:23.000Z
1171695,2017-08-16T22:00:05.000Z
1171697,2017-08-16T22:05:08.000Z
1171699,2017-08-16T22:10:05.000Z
1171702,2017-08-16T22:43:04.000Z
1171709,2017-08-16T23:26:43.000Z
1171710,2017-08-16T23:48:59.000Z
1171711,2017-08-16T23:52:59.000Z
1171533,2017-08-17T00:58:00.000Z
1171720,2017-08-17T01:03:26.000Z
1171737,2017-08-17T04:47:52.000Z
1171743,2017-08-17T06:17:54.000Z
1171744,2017-08-17T06:33:29.000Z
1171751,2017-08-17T08:30:29.000Z
1171763,2017-08-17T09:39:31.000Z
1171764,2017-08-17T09:58:05.000Z
1171779,2017-08-17T13:40:24.000Z
1171785,2017-08-17T14:04:25.000Z
1171786,2017-08-17T14:08:36.000Z
1171780,2017-08-17T15:07:33.000Z
1171797,2017-08-17T15:07:48.000Z
1171803,2017-08-17T15:53:15.000Z
1171806,2017-08-17T16:21:04.000Z
1171815,2017-08-17T17:04:39.000Z
1171819,2017-08-17T17:39:50.000Z
1171824,2017-08-17T18:16:38.000Z
1171830,2017-08-17T18:54:46.000Z
1171838,2017-08-17T19:48:50.000Z
1171844,2017-08-17T20:37:15.000Z
1171845,2017-08-17T20:43:38.000Z
1171853,2017-08-17T21:30:13.000Z
1171857,2017-08-17T22:19:08.000Z
1171867,2017-08-17T22:46:38.000Z
1171884,2017-08-18T01:30:27.000Z
1171890,2017-08-18T02:00:54.000Z
1171898,2017-08-18T04:31:51.000Z
1171902,2017-08-18T06:27:19.000Z
1171904,2017-08-18T07:39:13.000Z
1171922,2017-08-18T10:58:50.000Z
1171923,2017-08-18T11:02:20.000Z
1171924,2017-08-18T11:30:07.000Z
1171926,2017-08-18T11:41:34.000Z
1171929,2017-08-18T11:57:56.000Z
1171959,2017-08-18T16:22:08.000Z
1171972,2017-08-18T17:17:22.000Z
1171977,2017-08-18T18:04:35.000Z
1171986,2017-08-18T18:53:29.000Z
1172004,2017-08-18T20:30:34.000Z
1172014,2017-08-18T22:08:41.000Z
1172015,2017-08-18T22:29:08.000Z
1172023,2017-08-18T23:44:12.000Z
1172028,2017-08-19T00:25:34.000Z
1172036,2017-08-19T01:45:40.000Z
1172044,2017-08-19T05:18:45.000Z
1172052,2017-08-19T06:55:01.000Z
1172063,2017-08-19T10:23:02.000Z
1172064,2017-08-19T10:32:38.000Z
1172067,2017-08-19T11:16:55.000Z
1172069,2017-08-19T11:51:21.000Z
1172091,2017-08-19T16:55:50.000Z
1172093,2017-08-19T17:15:36.000Z
1172102,2017-08-19T19:15:13.000Z
1172106,2017-08-19T19:40:37.000Z
1172107,2017-08-19T19:40:48.000Z
1172108,2017-08-19T19:46:37.000Z
1172115,2017-08-19T21:07:52.000Z
1172116,2017-08-19T21:13:53.000Z
1172117,2017-08-19T21:14:50.000Z
1172118,2017-08-19T21:17:18.000Z
1172119,2017-08-19T21:28:00.000Z
1172121,2017-08-19T21:43:08.000Z
1172130,2017-08-20T00:07:25.000Z
1172134,2017-08-20T00:50:50.000Z
1172150,2017-08-20T05:29:47.000Z
1172168,2017-08-20T10:21:06.000Z
1172170,2017-08-20T11:28:25.000Z
1172188,2017-08-20T16:22:29.000Z
1172207,2017-08-20T20:05:16.000Z
1172210,2017-08-20T20:31:22.000Z
1172244,2017-08-21T04:31:34.000Z
1172251,2017-08-21T05:36:18.000Z
1172256,2017-08-21T07:33:18.000Z
1172266,2017-08-21T08:28:26.000Z
1172275,2017-08-21T10:24:27.000Z
1172279,2017-08-21T11:13:36.000Z
1172281,2017-08-21T11:29:55.000Z
1172325,2017-08-21T16:41:07.000Z
1172327,2017-08-21T16:50:23.000Z
1172347,2017-08-21T20:02:02.000Z
1172349,2017-08-21T20:06:12.000Z
1172388,2017-08-22T02:09:51.000Z
1172398,2017-08-22T03:39:13.000Z
1172429,2017-08-22T11:55:48.000Z
1172432,2017-08-22T12:33:55.000Z
1172431,2017-08-22T12:43:40.000Z
1172438,2017-08-22T13:34:15.000Z
1172441,2017-08-22T13:54:53.000Z
1172444,2017-08-22T14:37:20.000Z
1172485,2017-08-22T18:50:57.000Z
1172487,2017-08-22T19:11:01.000Z
1172513,2017-08-22T22:56:18.000Z
1172521,2017-08-23T00:53:05.000Z
1172524,2017-08-23T01:42:43.000Z
1172525,2017-08-23T01:53:12.000Z
1172556,2017-08-23T10:38:39.000Z
1172563,2017-08-23T11:20:21.000Z
1172564,2017-08-23T11:23:13.000Z
1172571,2017-08-23T12:55:31.000Z
1172572,2017-08-23T13:01:30.000Z
1172574,2017-08-23T13:43:41.000Z
1172578,2017-08-23T14:18:38.000Z
1172588,2017-08-23T15:34:48.000Z
1172589,2017-08-23T15:55:52.000Z
1172593,2017-08-23T16:18:17.000Z
1172635,2017-08-23T23:11:23.000Z
1172636,2017-08-23T23:22:54.000Z
1172642,2017-08-24T02:08:24.000Z
1172644,2017-08-24T02:13:02.000Z
1172652,2017-08-24T04:58:39.000Z
1172659,2017-08-24T06:41:42.000Z
1172661,2017-08-24T07:02:07.000Z
1172662,2017-08-24T07:04:48.000Z
1172665,2017-08-24T07:28:51.000Z
1172666,2017-08-24T07:55:09.000Z
1172671,2017-08-24T09:04:38.000Z
1172677,2017-08-24T10:46:44.000Z
1172678,2017-08-24T10:49:35.000Z
1172679,2017-08-24T11:11:12.000Z
1172680,2017-08-24T11:21:23.000Z
1172685,2017-08-24T12:53:49.000Z
1172689,2017-08-24T13:02:01.000Z
1172690,2017-08-24T13:02:35.000Z
1172694,2017-08-24T13:35:04.000Z
1172704,2017-08-24T14:34:20.000Z
1172705,2017-08-24T14:36:21.000Z
1172706,2017-08-24T14:48:23.000Z
1172711,2017-08-24T15:21:45.000Z
1172715,2017-08-24T15:28:30.000Z
1172727,2017-08-24T17:10:55.000Z
1172729,2017-08-24T17:38:55.000Z
1172741,2017-08-24T19:30:45.000Z
1172743,2017-08-24T19:37:14.000Z
1172753,2017-08-24T20:14:34.000Z
1172766,2017-08-24T22:29:21.000Z
1172773,2017-08-24T23:39:16.000Z
1172817,2017-08-25T08:31:52.000Z
1172823,2017-08-25T09:38:28.000Z
1172825,2017-08-25T09:52:21.000Z
1172826,2017-08-25T10:24:58.000Z
1172827,2017-08-25T10:26:00.000Z
1172829,2017-08-25T10:30:59.000Z
1172832,2017-08-25T10:38:02.000Z
1172837,2017-08-25T11:25:16.000Z
1172839,2017-08-25T11:50:26.000Z
1172842,2017-08-25T12:28:02.000Z
1172853,2017-08-25T14:18:14.000Z
1172855,2017-08-25T14:23:06.000Z
1172859,2017-08-25T14:51:56.000Z
1172866,2017-08-25T16:05:37.000Z
1172917,2017-08-26T00:06:56.000Z
1172924,2017-08-26T01:52:42.000Z
1172939,2017-08-26T05:47:22.000Z
1172943,2017-08-26T07:34:21.000Z
1172982,2017-08-26T16:31:12.000Z
1172986,2017-08-26T16:49:27.000Z
1172991,2017-08-26T17:35:17.000Z
1173001,2017-08-26T18:45:32.000Z
1173005,2017-08-26T18:58:05.000Z
1173016,2017-08-26T20:28:57.000Z
1173046,2017-08-27T02:02:05.000Z
1173055,2017-08-27T04:04:16.000Z
1173058,2017-08-27T04:42:01.000Z
1173064,2017-08-27T05:36:50.000Z
1173075,2017-08-27T09:58:58.000Z
1173082,2017-08-27T11:21:12.000Z
1173167,2017-08-28T06:57:37.000Z
1173173,2017-08-28T07:55:42.000Z
1173178,2017-08-28T08:38:54.000Z
1173179,2017-08-28T09:00:53.000Z
1173181,2017-08-28T09:18:47.000Z
1173184,2017-08-28T10:05:24.000Z
1173188,2017-08-28T10:31:31.000Z
1173195,2017-08-28T11:39:10.000Z
1173199,2017-08-28T12:08:39.000Z
1173202,2017-08-28T12:48:43.000Z
1173203,2017-08-28T12:51:25.000Z
1173206,2017-08-28T13:09:53.000Z
1173214,2017-08-28T14:17:20.000Z
1173215,2017-08-28T14:40:49.000Z
1173226,2017-08-28T15:55:56.000Z
1173236,2017-08-28T16:48:55.000Z
1173233,2017-08-28T17:06:56.000Z
1173245,2017-08-28T18:03:13.000Z
1173252,2017-08-28T19:01:53.000Z
1173259,2017-08-28T20:19:41.000Z
1173267,2017-08-28T21:40:04.000Z
1173276,2017-08-28T23:49:25.000Z
1173279,2017-08-29T00:50:59.000Z
1173290,2017-08-29T04:13:27.000Z
1173295,2017-08-29T05:43:09.000Z
1173302,2017-08-29T07:05:33.000Z
1173309,2017-08-29T08:06:00.000Z
1173311,2017-08-29T08:13:56.000Z
1173312,2017-08-29T08:24:32.000Z
1173319,2017-08-29T09:23:28.000Z
1173321,2017-08-29T09:52:16.000Z
1173330,2017-08-29T12:12:00.000Z
1173333,2017-08-29T12:43:18.000Z
1173341,2017-08-29T13:48:45.000Z
1173346,2017-08-29T14:09:22.000Z
1173351,2017-08-29T14:40:15.000Z
1173352,2017-08-29T14:43:16.000Z
1173359,2017-08-29T15:30:30.000Z
1173361,2017-08-29T15:37:23.000Z
1173366,2017-08-29T15:53:38.000Z
1173369,2017-08-29T16:21:05.000Z
1173368,2017-08-29T16:23:36.000Z
1173260,2017-08-29T16:33:54.000Z
1173373,2017-08-29T16:42:23.000Z
1173385,2017-08-29T17:34:55.000Z
1173389,2017-08-29T17:36:05.000Z
1173391,2017-08-29T17:54:44.000Z
1173394,2017-08-29T18:20:15.000Z
1173397,2017-08-29T18:26:02.000Z
1173399,2017-08-29T18:31:05.000Z
1173406,2017-08-29T19:38:10.000Z
1173407,2017-08-29T20:20:44.000Z
1173426,2017-08-29T22:29:43.000Z
1173432,2017-08-29T22:54:36.000Z
1173433,2017-08-29T22:54:48.000Z
1173443,2017-08-30T00:49:17.000Z
1173462,2017-08-30T04:44:18.000Z
1173463,2017-08-30T05:00:40.000Z
1173470,2017-08-30T07:02:57.000Z
1173472,2017-08-30T07:15:33.000Z
1173483,2017-08-30T09:15:48.000Z
1173493,2017-08-30T10:55:43.000Z
1173497,2017-08-30T11:30:33.000Z
1173499,2017-08-30T11:51:01.000Z
1173511,2017-08-30T13:18:26.000Z
1173522,2017-08-30T14:50:27.000Z
1173526,2017-08-30T15:17:59.000Z
1173539,2017-08-30T16:50:20.000Z
1173545,2017-08-30T17:46:09.000Z
1173546,2017-08-30T18:05:37.000Z
1173547,2017-08-30T18:12:04.000Z
1173560,2017-08-30T20:39:47.000Z
1173573,2017-08-30T21:39:12.000Z
1173584,2017-08-30T23:51:50.000Z
1173592,2017-08-31T00:54:31.000Z
1173604,2017-08-31T03:10:25.000Z
1173606,2017-08-31T03:22:15.000Z
1173614,2017-08-31T05:14:04.000Z
1173616,2017-08-31T05:20:56.000Z
1173627,2017-08-31T08:50:52.000Z
1173629,2017-08-31T08:58:46.000Z
1173630,2017-08-31T09:12:49.000Z
1173639,2017-08-31T10:14:12.000Z
1173644,2017-08-31T12:23:02.000Z
1173657,2017-08-31T14:34:27.000Z
1173664,2017-08-31T15:23:36.000Z
1173672,2017-08-31T16:16:24.000Z
1173702,2017-08-31T20:21:18.000Z
1173720,2017-08-31T23:08:52.000Z
1173727,2017-09-01T01:25:39.000Z
1173732,2017-09-01T02:11:42.000Z
1173735,2017-09-01T03:11:27.000Z
1173740,2017-09-01T06:17:19.000Z
1173744,2017-09-01T07:17:30.000Z
1173747,2017-09-01T07:42:56.000Z
1173748,2017-09-01T08:12:09.000Z
1173749,2017-09-01T08:20:16.000Z
1173752,2017-09-01T08:51:08.000Z
1173760,2017-09-01T09:54:35.000Z
1173763,2017-09-01T09:58:49.000Z
1173777,2017-09-01T12:57:57.000Z
1173779,2017-09-01T13:14:36.000Z
1173782,2017-09-01T13:45:10.000Z
1173784,2017-09-01T14:08:24.000Z
1173790,2017-09-01T14:46:15.000Z
1173805,2017-09-01T16:23:20.000Z
1173825,2017-09-01T17:42:09.000Z
1173826,2017-09-01T17:46:30.000Z
1173832,2017-09-01T18:17:40.000Z
1173843,2017-09-01T19:55:35.000Z
1173844,2017-09-01T19:58:30.000Z
1173851,2017-09-01T20:48:30.000Z
1173856,2017-09-01T20:57:31.000Z
1173858,2017-09-01T21:10:45.000Z
1173861,2017-09-01T21:42:35.000Z
1173863,2017-09-01T21:45:04.000Z
1173865,2017-09-01T21:55:10.000Z
1173870,2017-09-01T22:33:24.000Z
1173872,2017-09-01T23:08:51.000Z
1173878,2017-09-02T01:23:34.000Z
1173879,2017-09-02T01:30:24.000Z
1173880,2017-09-02T01:34:37.000Z
1173882,2017-09-02T01:56:20.000Z
1173883,2017-09-02T02:07:32.000Z
1173884,2017-09-02T02:50:05.000Z
1173885,2017-09-02T03:12:04.000Z
1173886,2017-09-02T03:19:24.000Z
1173888,2017-09-02T04:35:25.000Z
1173894,2017-09-02T07:57:23.000Z
1173897,2017-09-02T08:59:37.000Z
1173900,2017-09-02T09:30:37.000Z
1173918,2017-09-02T12:39:26.000Z
1173920,2017-09-02T12:59:36.000Z
1173923,2017-09-02T13:20:54.000Z
1173929,2017-09-02T13:56:02.000Z
1173930,2017-09-02T14:00:55.000Z
1173933,2017-09-02T15:02:07.000Z
1173939,2017-09-02T15:31:20.000Z
1173945,2017-09-02T16:48:28.000Z
1173946,2017-09-02T16:48:40.000Z
1173948,2017-09-02T17:06:29.000Z
1173952,2017-09-02T17:18:12.000Z
1173957,2017-09-02T17:56:14.000Z
1173966,2017-09-02T20:04:14.000Z
1173969,2017-09-02T20:36:46.000Z
1173973,2017-09-02T21:01:37.000Z
1174019,2017-09-03T11:16:57.000Z
1174024,2017-09-03T12:37:44.000Z
1174026,2017-09-03T13:45:19.000Z
1174053,2017-09-03T18:52:06.000Z
1174065,2017-09-03T20:58:22.000Z
1174091,2017-09-04T02:18:22.000Z
1174099,2017-09-04T03:38:14.000Z
1174100,2017-09-04T03:38:38.000Z
1174106,2017-09-04T06:23:30.000Z
1174108,2017-09-04T07:26:23.000Z
1174111,2017-09-04T08:35:31.000Z
1174119,2017-09-04T09:58:02.000Z
1174121,2017-09-04T10:00:35.000Z
1174120,2017-09-04T10:01:21.000Z
1174130,2017-09-04T11:07:36.000Z
1174132,2017-09-04T11:51:29.000Z
1174131,2017-09-04T12:38:51.000Z
1174138,2017-09-04T13:15:37.000Z
1174140,2017-09-04T13:28:47.000Z
1174139,2017-09-04T13:29:36.000Z
1174142,2017-09-04T13:48:49.000Z
1174143,2017-09-04T13:50:18.000Z
1174145,2017-09-04T14:03:21.000Z
1174153,2017-09-04T15:09:12.000Z
1174156,2017-09-04T15:17:38.000Z
1174159,2017-09-04T15:34:52.000Z
1174165,2017-09-04T15:54:39.000Z
1174167,2017-09-04T16:04:20.000Z
1174170,2017-09-04T16:40:54.000Z
1174186,2017-09-04T18:53:26.000Z
1174188,2017-09-04T18:57:47.000Z
1174198,2017-09-04T19:35:39.000Z
1174201,2017-09-04T19:58:56.000Z
1174214,2017-09-04T22:33:18.000Z
1174227,2017-09-05T02:06:09.000Z
1174229,2017-09-05T02:30:37.000Z
1174237,2017-09-05T03:59:18.000Z
1174242,2017-09-05T04:06:59.000Z
1174244,2017-09-05T07:12:31.000Z
1174249,2017-09-05T08:45:11.000Z
1174268,2017-09-05T10:44:32.000Z
1174278,2017-09-05T12:12:47.000Z
1174282,2017-09-05T13:04:20.000Z
1174284,2017-09-05T13:40:48.000Z
1174288,2017-09-05T14:30:34.000Z
1174294,2017-09-05T14:58:55.000Z
1174296,2017-09-05T15:08:48.000Z
1174295,2017-09-05T15:08:57.000Z
1174297,2017-09-05T15:17:04.000Z
1174299,2017-09-05T15:20:51.000Z
1174305,2017-09-05T16:03:37.000Z
1174307,2017-09-05T16:10:31.000Z
1174306,2017-09-05T16:10:40.000Z
1174311,2017-09-05T16:48:23.000Z
1174314,2017-09-05T17:11:23.000Z
1174320,2017-09-05T18:05:02.000Z
1174321,2017-09-05T18:05:50.000Z
1174322,2017-09-05T18:10:01.000Z
1174323,2017-09-05T18:12:25.000Z
1174324,2017-09-05T18:14:18.000Z
1174166,2017-09-05T18:20:15.000Z
1174338,2017-09-05T19:40:59.000Z
1174339,2017-09-05T19:45:04.000Z
1174343,2017-09-05T21:01:37.000Z
1174348,2017-09-05T21:41:47.000Z
1174350,2017-09-05T22:15:04.000Z
1174351,2017-09-05T22:21:12.000Z
1174359,2017-09-05T23:50:11.000Z
1174379,2017-09-06T03:44:48.000Z
1174393,2017-09-06T06:44:53.000Z
1174157,2017-09-06T07:04:02.000Z
1174162,2017-09-06T07:04:02.000Z
1174401,2017-09-06T07:26:30.000Z
1174408,2017-09-06T09:29:33.000Z
1174412,2017-09-06T09:47:40.000Z
1174417,2017-09-06T11:06:59.000Z
1174429,2017-09-06T12:25:37.000Z
1174436,2017-09-06T13:02:09.000Z
1174445,2017-09-06T14:03:22.000Z
1174447,2017-09-06T14:10:00.000Z
1174452,2017-09-06T14:47:07.000Z
1174465,2017-09-06T15:33:09.000Z
1174466,2017-09-06T15:37:05.000Z
1174469,2017-09-06T15:43:33.000Z
1174472,2017-09-06T16:36:31.000Z
1174483,2017-09-06T17:39:31.000Z
1174500,2017-09-06T19:55:27.000Z
1174507,2017-09-06T21:09:57.000Z
1174511,2017-09-06T21:51:49.000Z
1174517,2017-09-06T22:48:44.000Z
1174523,2017-09-07T00:42:49.000Z
1174525,2017-09-07T01:23:40.000Z
1174552,2017-09-07T07:25:49.000Z
1174555,2017-09-07T08:40:36.000Z
1174556,2017-09-07T08:42:23.000Z
1174545,2017-09-07T09:28:59.000Z
1174573,2017-09-07T11:46:06.000Z
1174579,2017-09-07T12:31:15.000Z
1174587,2017-09-07T13:27:23.000Z
1174596,2017-09-07T14:25:31.000Z
1174598,2017-09-07T14:40:41.000Z
1174602,2017-09-07T14:54:38.000Z
1174619,2017-09-07T17:12:53.000Z
1174652,2017-09-07T22:29:55.000Z
1174654,2017-09-07T22:35:34.000Z
1174682,2017-09-08T02:38:19.000Z
1174703,2017-09-08T08:21:38.000Z
1174715,2017-09-08T10:20:38.000Z
1174731,2017-09-08T13:15:32.000Z
1174737,2017-09-08T14:11:21.000Z
1174740,2017-09-08T14:35:54.000Z
1174758,2017-09-08T16:10:31.000Z
1174760,2017-09-08T16:19:06.000Z
1174761,2017-09-08T16:25:32.000Z
1174767,2017-09-08T17:07:12.000Z
1174773,2017-09-08T18:14:21.000Z
1174733,2017-09-08T18:51:48.000Z
1174784,2017-09-08T19:32:03.000Z
1174868,2017-09-09T14:09:47.000Z
1174887,2017-09-09T17:11:53.000Z
1174889,2017-09-09T17:33:55.000Z
1174894,2017-09-09T18:10:07.000Z
1174936,2017-09-10T03:42:24.000Z
1174939,2017-09-10T06:43:48.000Z
1174941,2017-09-10T08:22:34.000Z
1174944,2017-09-10T09:56:59.000Z
1174954,2017-09-10T11:47:45.000Z
1174955,2017-09-10T11:59:59.000Z
1174988,2017-09-10T19:09:53.000Z
1175007,2017-09-11T00:06:12.000Z
1175011,2017-09-11T00:28:55.000Z
1175015,2017-09-11T01:01:04.000Z
1175026,2017-09-11T04:10:08.000Z
1175051,2017-09-11T12:12:41.000Z
1175061,2017-09-11T14:16:26.000Z
1175063,2017-09-11T14:47:13.000Z
1175094,2017-09-11T18:50:44.000Z
1175099,2017-09-11T19:27:35.000Z
1175100,2017-09-11T19:42:38.000Z
1175115,2017-09-11T21:40:03.000Z
1175119,2017-09-11T22:02:17.000Z
1175120,2017-09-11T22:07:23.000Z
1175121,2017-09-11T22:18:38.000Z
1175122,2017-09-11T22:21:01.000Z
1175131,2017-09-11T23:53:10.000Z
1175134,2017-09-12T00:21:24.000Z
1175135,2017-09-12T00:26:39.000Z
1175139,2017-09-12T01:11:12.000Z
1175141,2017-09-12T01:54:49.000Z
1175142,2017-09-12T01:55:41.000Z
1175157,2017-09-12T04:04:48.000Z
1175163,2017-09-12T06:45:45.000Z
1175168,2017-09-12T07:19:26.000Z
1175174,2017-09-12T08:14:39.000Z
1175175,2017-09-12T08:21:21.000Z
1175177,2017-09-12T08:32:07.000Z
1175182,2017-09-12T08:57:23.000Z
1175187,2017-09-12T10:30:17.000Z
1175196,2017-09-12T11:50:28.000Z
1175201,2017-09-12T12:37:40.000Z
1175206,2017-09-12T13:21:43.000Z
1175207,2017-09-12T13:26:09.000Z
1175233,2017-09-12T16:03:24.000Z
1175239,2017-09-12T17:03:08.000Z
1175251,2017-09-12T17:57:19.000Z
1175254,2017-09-12T18:15:07.000Z
1175255,2017-09-12T18:21:30.000Z
1175260,2017-09-12T18:43:03.000Z
1175261,2017-09-12T18:43:47.000Z
1175262,2017-09-12T19:11:34.000Z
1175263,2017-09-12T19:28:00.000Z
1175278,2017-09-12T20:45:24.000Z
1175264,2017-09-12T20:45:51.000Z
1175302,2017-09-13T02:23:46.000Z
1175303,2017-09-13T02:56:59.000Z
1175316,2017-09-13T05:06:23.000Z
1175330,2017-09-13T08:21:00.000Z
1175336,2017-09-13T09:02:04.000Z
1175363,2017-09-13T12:56:45.000Z
1175367,2017-09-13T13:14:13.000Z
1175384,2017-09-13T15:37:38.000Z
1175399,2017-09-13T18:06:32.000Z
1175425,2017-09-13T21:16:46.000Z
1175435,2017-09-13T23:01:55.000Z
1175441,2017-09-14T00:27:07.000Z
1175467,2017-09-14T06:17:11.000Z
1175468,2017-09-14T06:48:34.000Z
1175471,2017-09-14T07:01:11.000Z
1175472,2017-09-14T07:29:49.000Z
1175473,2017-09-14T07:53:41.000Z
1175477,2017-09-14T08:16:49.000Z
1175488,2017-09-14T10:48:32.000Z
1175495,2017-09-14T11:36:24.000Z
1175500,2017-09-14T12:10:58.000Z
1175501,2017-09-14T12:13:31.000Z
1175504,2017-09-14T12:28:32.000Z
1175505,2017-09-14T12:29:50.000Z
1175506,2017-09-14T12:37:00.000Z
1175507,2017-09-14T12:47:56.000Z
1175498,2017-09-14T12:49:20.000Z
1175508,2017-09-14T12:52:56.000Z
1175509,2017-09-14T13:04:19.000Z
1175512,2017-09-14T13:38:56.000Z
1175519,2017-09-14T14:22:48.000Z
1175522,2017-09-14T14:52:59.000Z
1175523,2017-09-14T14:59:40.000Z
1175528,2017-09-14T15:35:05.000Z
1175529,2017-09-14T15:36:18.000Z
1175530,2017-09-14T15:42:42.000Z
1175532,2017-09-14T15:52:59.000Z
1175537,2017-09-14T16:35:22.000Z
1175539,2017-09-14T16:45:58.000Z
1175572,2017-09-14T19:41:54.000Z
1175573,2017-09-14T19:43:46.000Z
1175574,2017-09-14T19:45:48.000Z
1175580,2017-09-14T20:48:22.000Z
1175550,2017-09-14T22:16:14.000Z
1175594,2017-09-14T22:36:38.000Z
1175601,2017-09-15T01:30:51.000Z
1175621,2017-09-15T03:37:30.000Z
1175629,2017-09-15T06:50:29.000Z
1175646,2017-09-15T12:01:50.000Z
1175648,2017-09-15T12:55:32.000Z
1175656,2017-09-15T14:14:41.000Z
1175658,2017-09-15T14:19:10.000Z
1175659,2017-09-15T14:24:13.000Z
1175676,2017-09-15T16:16:41.000Z
1175684,2017-09-15T16:42:11.000Z
1175696,2017-09-15T18:18:29.000Z
1175697,2017-09-15T18:20:30.000Z
1175700,2017-09-15T19:20:53.000Z
1175711,2017-09-15T20:37:32.000Z
1175718,2017-09-15T23:45:22.000Z
1175728,2017-09-16T00:49:38.000Z
1175751,2017-09-16T11:52:47.000Z
1175765,2017-09-16T14:49:03.000Z
1175770,2017-09-16T15:56:41.000Z
1175772,2017-09-16T16:03:30.000Z
1175792,2017-09-16T18:44:43.000Z
1175823,2017-09-17T03:48:31.000Z
1175828,2017-09-17T05:22:41.000Z
1175832,2017-09-17T07:34:32.000Z
1175835,2017-09-17T08:31:38.000Z
1175847,2017-09-17T14:06:25.000Z
1175853,2017-09-17T15:02:29.000Z
1175867,2017-09-17T18:08:52.000Z
1175868,2017-09-17T18:10:18.000Z
1175874,2017-09-17T19:32:55.000Z
1175890,2017-09-17T22:12:16.000Z
1175891,2017-09-17T22:14:15.000Z
1175900,2017-09-17T23:54:54.000Z
1175909,2017-09-18T03:01:55.000Z
1175918,2017-09-18T07:43:19.000Z
1175920,2017-09-18T07:59:52.000Z
1175923,2017-09-18T09:03:04.000Z
1175927,2017-09-18T09:57:44.000Z
1175930,2017-09-18T10:54:50.000Z
1175931,2017-09-18T11:05:05.000Z
1175943,2017-09-18T12:11:14.000Z
1175947,2017-09-18T12:47:25.000Z
1175948,2017-09-18T12:49:10.000Z
1175949,2017-09-18T12:53:39.000Z
1175952,2017-09-18T13:14:06.000Z
1175959,2017-09-18T14:06:45.000Z
1175963,2017-09-18T15:26:30.000Z
1175966,2017-09-18T15:40:42.000Z
1175967,2017-09-18T15:45:34.000Z
1175969,2017-09-18T15:51:45.000Z
1175973,2017-09-18T16:05:56.000Z
1175974,2017-09-18T16:09:48.000Z
1175976,2017-09-18T16:26:16.000Z
1175985,2017-09-18T17:19:07.000Z
1175992,2017-09-18T17:36:20.000Z
1176014,2017-09-18T20:41:35.000Z
1176015,2017-09-18T20:59:18.000Z
1176027,2017-09-18T22:51:42.000Z
1176058,2017-09-19T05:05:16.000Z
1176064,2017-09-19T07:08:07.000Z
1176079,2017-09-19T09:48:18.000Z
1176087,2017-09-19T10:58:33.000Z
1176088,2017-09-19T11:18:33.000Z
1176110,2017-09-19T14:40:19.000Z
1176124,2017-09-19T16:46:46.000Z
1176130,2017-09-19T17:39:53.000Z
1176137,2017-09-19T18:16:38.000Z
1176145,2017-09-19T19:10:50.000Z
1176148,2017-09-19T19:35:46.000Z
1176178,2017-09-20T01:17:23.000Z
1176184,2017-09-20T01:59:33.000Z
1176190,2017-09-20T03:01:50.000Z
1176192,2017-09-20T03:29:00.000Z
1176193,2017-09-20T03:34:24.000Z
1176194,2017-09-20T03:34:57.000Z
1176206,2017-09-20T07:07:23.000Z
1176209,2017-09-20T07:57:44.000Z
1176210,2017-09-20T08:04:43.000Z
1176223,2017-09-20T10:56:18.000Z
1176237,2017-09-20T13:23:18.000Z
1176239,2017-09-20T13:45:43.000Z
1176258,2017-09-20T15:14:00.000Z
1176264,2017-09-20T16:01:26.000Z
1176266,2017-09-20T16:29:13.000Z
1176275,2017-09-20T17:14:57.000Z
1176286,2017-09-20T18:52:44.000Z
1176306,2017-09-20T21:42:51.000Z
1176328,2017-09-21T02:06:19.000Z
1176333,2017-09-21T03:08:55.000Z
1176337,2017-09-21T04:01:45.000Z
1176350,2017-09-21T07:36:16.000Z
1176351,2017-09-21T07:42:52.000Z
1176353,2017-09-21T08:43:13.000Z
1176357,2017-09-21T09:35:04.000Z
1176359,2017-09-21T10:02:39.000Z
1176363,2017-09-21T10:17:49.000Z
1176370,2017-09-21T11:15:59.000Z
1176381,2017-09-21T13:14:44.000Z
1176386,2017-09-21T13:51:20.000Z
1176395,2017-09-21T15:40:17.000Z
1176397,2017-09-21T15:48:44.000Z
1176409,2017-09-21T17:05:09.000Z
1176414,2017-09-21T17:59:36.000Z
1176421,2017-09-21T18:58:46.000Z
1176422,2017-09-21T18:59:42.000Z
1176431,2017-09-21T19:48:39.000Z
1176433,2017-09-21T20:32:19.000Z
1176441,2017-09-21T21:21:11.000Z
1176473,2017-09-22T03:33:22.000Z
1176478,2017-09-22T06:15:06.000Z
1176481,2017-09-22T06:42:40.000Z
1176487,2017-09-22T08:30:08.000Z
1176514,2017-09-22T13:49:38.000Z
1176532,2017-09-22T15:27:13.000Z
1176539,2017-09-22T16:19:17.000Z
1176549,2017-09-22T18:15:25.000Z
1176554,2017-09-22T18:41:20.000Z
1176560,2017-09-22T19:08:38.000Z
1176572,2017-09-22T20:40:08.000Z
1176582,2017-09-22T22:04:09.000Z
1176588,2017-09-23T00:09:07.000Z
1176589,2017-09-23T00:35:17.000Z
1176593,2017-09-23T01:56:50.000Z
1176626,2017-09-23T12:12:03.000Z
1176627,2017-09-23T12:17:13.000Z
1176629,2017-09-23T12:45:53.000Z
1176630,2017-09-23T12:54:45.000Z
1176633,2017-09-23T13:26:44.000Z
1176635,2017-09-23T13:29:47.000Z
1176636,2017-09-23T13:42:47.000Z
1176637,2017-09-23T13:49:54.000Z
1176640,2017-09-23T14:00:36.000Z
1176641,2017-09-23T14:09:11.000Z
1176639,2017-09-23T14:16:02.000Z
1176642,2017-09-23T14:22:16.000Z
1176645,2017-09-23T14:54:47.000Z
1176647,2017-09-23T15:26:27.000Z
1176649,2017-09-23T15:45:46.000Z
1176657,2017-09-23T16:40:38.000Z
1176658,2017-09-23T16:57:37.000Z
1176659,2017-09-23T17:08:35.000Z
1176661,2017-09-23T17:38:50.000Z
1176662,2017-09-23T18:05:11.000Z
1176664,2017-09-23T18:08:24.000Z
1176665,2017-09-23T18:09:47.000Z
1176666,2017-09-23T18:09:51.000Z
1176672,2017-09-23T19:45:37.000Z
1176674,2017-09-23T20:10:20.000Z
1176678,2017-09-23T20:32:59.000Z
1176690,2017-09-24T00:20:04.000Z
1176691,2017-09-24T00:37:27.000Z
1176692,2017-09-24T00:56:47.000Z
1176693,2017-09-24T01:10:44.000Z
1176710,2017-09-24T08:13:35.000Z
1176723,2017-09-24T12:59:35.000Z
1176724,2017-09-24T13:56:05.000Z
1176731,2017-09-24T16:01:46.000Z
1176757,2017-09-24T21:33:48.000Z
1176772,2017-09-25T00:49:41.000Z
1176776,2017-09-25T01:54:02.000Z
1176778,2017-09-25T02:28:25.000Z
1176786,2017-09-25T04:40:44.000Z
1176787,2017-09-25T05:19:22.000Z
1176788,2017-09-25T05:41:04.000Z
1176792,2017-09-25T07:17:50.000Z
1176793,2017-09-25T07:19:51.000Z
1176794,2017-09-25T08:06:55.000Z
1176795,2017-09-25T08:09:30.000Z
1176809,2017-09-25T10:47:17.000Z
1176810,2017-09-25T11:10:32.000Z
1176813,2017-09-25T11:56:43.000Z
1176814,2017-09-25T11:58:31.000Z
1176823,2017-09-25T13:07:08.000Z
1176835,2017-09-25T15:07:44.000Z
1176837,2017-09-25T15:08:13.000Z
1176841,2017-09-25T16:27:13.000Z
1176845,2017-09-25T16:55:25.000Z
1176821,2017-09-25T18:48:52.000Z
1176861,2017-09-25T19:22:10.000Z
1176865,2017-09-25T19:37:41.000Z
1176876,2017-09-25T21:56:32.000Z
1176882,2017-09-25T22:30:12.000Z
1176883,2017-09-25T22:45:11.000Z
1176886,2017-09-25T23:23:24.000Z
1176893,2017-09-26T00:34:12.000Z
1176897,2017-09-26T00:41:00.000Z
1176894,2017-09-26T00:44:34.000Z
1176898,2017-09-26T00:47:58.000Z
1176899,2017-09-26T00:51:09.000Z
1176900,2017-09-26T01:18:17.000Z
1176911,2017-09-26T03:16:05.000Z
1176912,2017-09-26T03:26:24.000Z
1176913,2017-09-26T03:45:48.000Z
1176925,2017-09-26T08:32:14.000Z
1176938,2017-09-26T12:40:17.000Z
1176968,2017-09-26T15:57:55.000Z
1176969,2017-09-26T16:07:16.000Z
1176974,2017-09-26T16:29:59.000Z
1176975,2017-09-26T16:31:12.000Z
1176976,2017-09-26T16:34:25.000Z
1176978,2017-09-26T16:34:25.000Z
1176977,2017-09-26T16:35:30.000Z
1176982,2017-09-26T16:53:59.000Z
1176984,2017-09-26T17:03:45.000Z
1176943,2017-09-26T17:12:05.000Z
1176988,2017-09-26T17:24:11.000Z
1176989,2017-09-26T17:28:57.000Z
1176986,2017-09-26T17:33:57.000Z
1176990,2017-09-26T17:38:56.000Z
1176979,2017-09-26T17:42:21.000Z
1176991,2017-09-26T17:46:54.000Z
1176992,2017-09-26T17:59:32.000Z
1176994,2017-09-26T18:13:51.000Z
1176995,2017-09-26T18:21:04.000Z
1176996,2017-09-26T18:31:25.000Z
1177012,2017-09-26T20:27:41.000Z
1177011,2017-09-26T20:28:54.000Z
1177015,2017-09-26T20:35:14.000Z
1177016,2017-09-26T20:36:57.000Z
1177017,2017-09-26T20:39:07.000Z
1177018,2017-09-26T20:44:20.000Z
1177019,2017-09-26T20:51:52.000Z
1177030,2017-09-26T22:23:25.000Z
1177044,2017-09-27T00:54:27.000Z
1177047,2017-09-27T01:21:30.000Z
1177050,2017-09-27T02:07:49.000Z
1177054,2017-09-27T02:42:38.000Z
1177052,2017-09-27T04:43:26.000Z
1177059,2017-09-27T04:44:19.000Z
1177063,2017-09-27T05:26:43.000Z
1177066,2017-09-27T06:35:02.000Z
1177067,2017-09-27T06:57:48.000Z
1177068,2017-09-27T07:25:11.000Z
1177073,2017-09-27T08:22:20.000Z
1177088,2017-09-27T11:33:02.000Z
1177087,2017-09-27T11:33:10.000Z
1177092,2017-09-27T11:58:08.000Z
1177094,2017-09-27T12:06:13.000Z
1177099,2017-09-27T12:46:49.000Z
1177102,2017-09-27T13:04:49.000Z
1177110,2017-09-27T14:03:43.000Z
1177116,2017-09-27T14:03:52.000Z
1177107,2017-09-27T14:22:17.000Z
1177124,2017-09-27T14:54:23.000Z
1177129,2017-09-27T15:21:05.000Z
1177137,2017-09-27T16:27:25.000Z
1177101,2017-09-27T16:39:00.000Z
1177141,2017-09-27T16:43:22.000Z
1177140,2017-09-27T16:45:19.000Z
1177150,2017-09-27T17:30:10.000Z
1177151,2017-09-27T17:41:32.000Z
1177163,2017-09-27T18:28:28.000Z
1177171,2017-09-27T19:48:11.000Z
1177183,2017-09-27T21:43:47.000Z
1177193,2017-09-28T00:05:59.000Z
1177217,2017-09-28T04:08:41.000Z
1177224,2017-09-28T05:33:34.000Z
1177226,2017-09-28T06:02:02.000Z
1177228,2017-09-28T06:41:46.000Z
1177229,2017-09-28T06:53:13.000Z
1177231,2017-09-28T07:10:11.000Z
1177233,2017-09-28T07:34:21.000Z
1177238,2017-09-28T08:25:05.000Z
1177244,2017-09-28T09:37:57.000Z
1177248,2017-09-28T10:14:13.000Z
1177249,2017-09-28T10:18:15.000Z
1177252,2017-09-28T11:05:06.000Z
1177259,2017-09-28T11:39:46.000Z
1177261,2017-09-28T11:50:26.000Z
1177262,2017-09-28T11:57:42.000Z
1177269,2017-09-28T12:34:17.000Z
1177263,2017-09-28T13:41:45.000Z
1177274,2017-09-28T13:45:58.000Z
1177278,2017-09-28T14:23:08.000Z
1177279,2017-09-28T14:30:00.000Z
1177285,2017-09-28T15:24:31.000Z
1177286,2017-09-28T15:27:19.000Z
1177287,2017-09-28T15:32:35.000Z
1177299,2017-09-28T16:30:34.000Z
1177303,2017-09-28T17:02:15.000Z
1177316,2017-09-28T19:11:55.000Z
1177326,2017-09-28T20:20:28.000Z
1177327,2017-09-28T20:44:28.000Z
1177333,2017-09-28T21:19:53.000Z
1177357,2017-09-29T02:06:07.000Z
1177361,2017-09-29T02:46:50.000Z
1177363,2017-09-29T03:11:51.000Z
1177364,2017-09-29T03:28:35.000Z
1177366,2017-09-29T04:13:46.000Z
1177370,2017-09-29T04:48:07.000Z
1177375,2017-09-29T05:18:54.000Z
1177380,2017-09-29T07:42:03.000Z
1177385,2017-09-29T08:11:26.000Z
1177383,2017-09-29T08:15:59.000Z
1177391,2017-09-29T08:49:06.000Z
1177395,2017-09-29T09:13:23.000Z
1177399,2017-09-29T10:05:11.000Z
1177402,2017-09-29T10:33:51.000Z
1177405,2017-09-29T10:49:19.000Z
1177406,2017-09-29T11:17:06.000Z
1177409,2017-09-29T11:53:35.000Z
1177414,2017-09-29T12:33:05.000Z
1177416,2017-09-29T12:55:57.000Z
1177417,2017-09-29T12:58:22.000Z
1177422,2017-09-29T13:22:50.000Z
1177435,2017-09-29T15:05:20.000Z
1177436,2017-09-29T15:05:27.000Z
1177439,2017-09-29T15:18:50.000Z
1177440,2017-09-29T15:20:39.000Z
1177456,2017-09-29T17:04:31.000Z
1177457,2017-09-29T17:23:04.000Z
1177461,2017-09-29T17:39:33.000Z
1177463,2017-09-29T17:48:30.000Z
1177465,2017-09-29T18:23:48.000Z
1177470,2017-09-29T18:33:39.000Z
1177471,2017-09-29T18:36:21.000Z
1177493,2017-09-29T22:00:04.000Z
1177508,2017-09-30T00:37:13.000Z
1177513,2017-09-30T01:13:16.000Z
1177519,2017-09-30T02:23:05.000Z
1177526,2017-09-30T03:25:31.000Z
1177528,2017-09-30T03:27:41.000Z
1177530,2017-09-30T04:06:25.000Z
1177538,2017-09-30T06:51:26.000Z
1177541,2017-09-30T08:18:42.000Z
1177550,2017-09-30T10:29:54.000Z
1177572,2017-09-30T12:42:43.000Z
1177574,2017-09-30T13:11:53.000Z
1177575,2017-09-30T13:31:41.000Z
1177580,2017-09-30T14:21:17.000Z
1177584,2017-09-30T14:44:46.000Z
1177589,2017-09-30T15:28:14.000Z
1177596,2017-09-30T16:26:31.000Z
1177597,2017-09-30T16:27:12.000Z
1177630,2017-09-30T19:43:30.000Z
1177661,2017-10-01T01:41:19.000Z
1177663,2017-10-01T02:32:58.000Z
1177670,2017-10-01T05:28:59.000Z
1177671,2017-10-01T05:51:20.000Z
1177673,2017-10-01T06:43:01.000Z
1177681,2017-10-01T09:15:34.000Z
1177687,2017-10-01T10:33:21.000Z
1177688,2017-10-01T11:00:50.000Z
1177690,2017-10-01T11:13:53.000Z
1177691,2017-10-01T11:24:08.000Z
1177694,2017-10-01T11:38:27.000Z
1177699,2017-10-01T12:17:10.000Z
1177700,2017-10-01T12:27:41.000Z
1177701,2017-10-01T12:47:05.000Z
1177702,2017-10-01T13:06:38.000Z
1177704,2017-10-01T13:35:08.000Z
1177708,2017-10-01T13:52:07.000Z
1177710,2017-10-01T14:04:58.000Z
1177715,2017-10-01T14:25:13.000Z
1177722,2017-10-01T15:20:40.000Z
1177731,2017-10-01T16:00:48.000Z
1177745,2017-10-01T18:49:06.000Z
1177750,2017-10-01T20:08:49.000Z
1177756,2017-10-01T21:02:10.000Z
1177764,2017-10-01T22:14:44.000Z
1177773,2017-10-02T00:09:24.000Z
1177791,2017-10-02T03:52:38.000Z
1177806,2017-10-02T07:20:54.000Z
1177815,2017-10-02T08:30:18.000Z
1177813,2017-10-02T08:34:56.000Z
1177816,2017-10-02T08:51:40.000Z
1177819,2017-10-02T09:16:57.000Z
1177822,2017-10-02T09:32:11.000Z
1177829,2017-10-02T10:58:00.000Z
1177836,2017-10-02T11:54:48.000Z
1177837,2017-10-02T12:05:09.000Z
1177838,2017-10-02T12:29:25.000Z
1177839,2017-10-02T12:32:59.000Z
1177842,2017-10-02T13:22:39.000Z
1177843,2017-10-02T13:22:47.000Z
1177858,2017-10-02T14:42:06.000Z
1177863,2017-10-02T15:22:11.000Z
1177868,2017-10-02T15:39:50.000Z
1177870,2017-10-02T15:55:55.000Z
1177886,2017-10-02T17:21:44.000Z
1177900,2017-10-02T18:15:29.000Z
1177790,2017-10-02T19:02:48.000Z
1177912,2017-10-02T19:14:35.000Z
1177937,2017-10-02T21:42:16.000Z
1177938,2017-10-02T21:43:47.000Z
1177940,2017-10-02T21:49:18.000Z
1177944,2017-10-02T22:01:13.000Z
1177969,2017-10-03T02:18:21.000Z
1177986,2017-10-03T06:18:54.000Z
1178006,2017-10-03T10:47:37.000Z
1178021,2017-10-03T13:37:49.000Z
1178024,2017-10-03T14:13:59.000Z
1178026,2017-10-03T14:17:32.000Z
1178028,2017-10-03T14:37:31.000Z
1178031,2017-10-03T14:48:05.000Z
1178032,2017-10-03T15:03:42.000Z
1178039,2017-10-03T15:29:29.000Z
1178042,2017-10-03T15:43:32.000Z
1178048,2017-10-03T16:33:45.000Z
1178055,2017-10-03T17:25:26.000Z
1178057,2017-10-03T17:36:26.000Z
1178060,2017-10-03T18:17:51.000Z
1178071,2017-10-03T20:03:37.000Z
1178072,2017-10-03T20:08:28.000Z
1178073,2017-10-03T20:21:28.000Z
1178075,2017-10-03T20:52:15.000Z
1178078,2017-10-03T20:55:00.000Z
1178084,2017-10-03T21:42:37.000Z
1178086,2017-10-03T21:53:35.000Z
1178097,2017-10-03T23:38:47.000Z
1178100,2017-10-04T00:01:25.000Z
1178099,2017-10-04T00:01:36.000Z
1178109,2017-10-04T01:14:13.000Z
1178129,2017-10-04T06:26:24.000Z
1178135,2017-10-04T06:56:44.000Z
1178143,2017-10-04T07:33:33.000Z
1178147,2017-10-04T08:03:37.000Z
1178154,2017-10-04T08:57:30.000Z
1178195,2017-10-04T14:42:46.000Z
1178198,2017-10-04T15:02:56.000Z
1178201,2017-10-04T15:29:29.000Z
1178206,2017-10-04T15:52:07.000Z
1178210,2017-10-04T16:21:16.000Z
1178211,2017-10-04T16:22:15.000Z
1178214,2017-10-04T16:39:11.000Z
1178221,2017-10-04T17:37:14.000Z
1178232,2017-10-04T19:10:23.000Z
1178235,2017-10-04T19:23:13.000Z
1178236,2017-10-04T19:24:07.000Z
1178241,2017-10-04T19:43:53.000Z
1178244,2017-10-04T19:58:36.000Z
1178249,2017-10-04T20:31:24.000Z
1178253,2017-10-04T20:45:14.000Z
1178261,2017-10-04T21:52:41.000Z
1178262,2017-10-04T22:00:10.000Z
1178263,2017-10-04T22:04:27.000Z
1178265,2017-10-04T22:34:55.000Z
1178267,2017-10-04T22:58:12.000Z
1178268,2017-10-04T23:20:48.000Z
1178269,2017-10-04T23:38:32.000Z
1178273,2017-10-05T00:14:46.000Z
1178275,2017-10-05T00:31:11.000Z
1178277,2017-10-05T00:59:52.000Z
1178285,2017-10-05T01:25:13.000Z
1178286,2017-10-05T02:01:50.000Z
1178322,2017-10-05T10:15:46.000Z
1178324,2017-10-05T10:35:22.000Z
1178308,2017-10-05T12:35:46.000Z
1178334,2017-10-05T12:47:19.000Z
1178335,2017-10-05T12:49:47.000Z
1178337,2017-10-05T13:05:52.000Z
1178339,2017-10-05T13:08:21.000Z
1178349,2017-10-05T14:08:18.000Z
1178351,2017-10-05T14:23:25.000Z
1178356,2017-10-05T14:40:13.000Z
1178361,2017-10-05T14:55:08.000Z
1178376,2017-10-05T16:30:40.000Z
1178391,2017-10-05T17:51:48.000Z
1178392,2017-10-05T17:55:31.000Z
1178394,2017-10-05T18:01:33.000Z
1178403,2017-10-05T19:01:15.000Z
1178405,2017-10-05T19:04:10.000Z
1178414,2017-10-05T19:48:21.000Z
1178418,2017-10-05T20:12:28.000Z
1178425,2017-10-05T20:46:52.000Z
1178436,2017-10-05T21:14:31.000Z
1178445,2017-10-05T22:02:17.000Z
1178446,2017-10-05T22:04:02.000Z
1178448,2017-10-05T22:15:51.000Z
1178451,2017-10-05T23:22:49.000Z
1178461,2017-10-06T01:21:28.000Z
1178466,2017-10-06T02:14:24.000Z
1178470,2017-10-06T03:34:18.000Z
1178478,2017-10-06T04:27:50.000Z
1178484,2017-10-06T05:20:12.000Z
1178485,2017-10-06T05:42:04.000Z
1178490,2017-10-06T07:55:56.000Z
1178508,2017-10-06T10:49:23.000Z
1178512,2017-10-06T11:03:09.000Z
1178530,2017-10-06T13:07:37.000Z
1178535,2017-10-06T13:49:57.000Z
1178539,2017-10-06T14:25:04.000Z
1178548,2017-10-06T15:10:01.000Z
1178549,2017-10-06T15:15:34.000Z
1178562,2017-10-06T16:46:30.000Z
1178563,2017-10-06T16:55:21.000Z
1178570,2017-10-06T17:50:43.000Z
1178574,2017-10-06T18:04:46.000Z
1178577,2017-10-06T18:55:45.000Z
1178581,2017-10-06T19:11:57.000Z
1178583,2017-10-06T19:22:53.000Z
1178619,2017-10-07T00:23:06.000Z
1178634,2017-10-07T04:19:14.000Z
1178644,2017-10-07T07:48:46.000Z
1178667,2017-10-07T11:26:39.000Z
1178670,2017-10-07T12:22:28.000Z
1178674,2017-10-07T13:25:20.000Z
1178711,2017-10-07T16:29:40.000Z
1178716,2017-10-07T16:54:10.000Z
1178720,2017-10-07T17:23:06.000Z
1178721,2017-10-07T17:24:03.000Z
1178730,2017-10-07T18:29:53.000Z
1178763,2017-10-07T23:42:13.000Z
1178770,2017-10-08T02:13:15.000Z
1178774,2017-10-08T04:02:14.000Z
1178782,2017-10-08T07:43:14.000Z
1178785,2017-10-08T09:15:06.000Z
1178788,2017-10-08T09:27:21.000Z
1178787,2017-10-08T09:39:11.000Z
1178790,2017-10-08T10:21:47.000Z
1178793,2017-10-08T10:55:31.000Z
1178796,2017-10-08T11:48:27.000Z
1178797,2017-10-08T12:18:04.000Z
1178799,2017-10-08T12:30:12.000Z
1178808,2017-10-08T14:36:44.000Z
1178810,2017-10-08T14:45:06.000Z
1178812,2017-10-08T14:52:57.000Z
1178819,2017-10-08T16:37:33.000Z
1178820,2017-10-08T16:39:27.000Z
1178822,2017-10-08T17:00:53.000Z
1178831,2017-10-08T17:49:08.000Z
1178843,2017-10-08T19:12:55.000Z
1178852,2017-10-08T20:09:12.000Z
1178884,2017-10-09T02:27:59.000Z
1178885,2017-10-09T03:04:22.000Z
1178896,2017-10-09T06:35:33.000Z
1178908,2017-10-09T07:45:50.000Z
1178931,2017-10-09T12:09:25.000Z
1178950,2017-10-09T14:03:23.000Z
1178953,2017-10-09T14:18:54.000Z
1178958,2017-10-09T14:44:25.000Z
1178968,2017-10-09T15:48:52.000Z
1178983,2017-10-09T17:25:14.000Z
1178991,2017-10-09T17:49:03.000Z
1179012,2017-10-09T20:41:31.000Z
1179018,2017-10-09T21:11:24.000Z
1179024,2017-10-09T21:48:12.000Z
1179026,2017-10-09T21:48:46.000Z
1179040,2017-10-09T23:31:19.000Z
1179054,2017-10-10T01:03:54.000Z
1179059,2017-10-10T01:57:42.000Z
1179072,2017-10-10T04:45:23.000Z
1179082,2017-10-10T06:32:40.000Z
1179090,2017-10-10T09:04:39.000Z
1179094,2017-10-10T09:27:04.000Z
1179095,2017-10-10T09:32:42.000Z
1179100,2017-10-10T10:02:11.000Z
1179101,2017-10-10T10:32:43.000Z
1179104,2017-10-10T10:41:52.000Z
1179110,2017-10-10T12:20:15.000Z
1179111,2017-10-10T12:40:59.000Z
1179125,2017-10-10T14:16:23.000Z
1179148,2017-10-10T16:26:12.000Z
1179149,2017-10-10T16:29:34.000Z
1179151,2017-10-10T16:53:27.000Z
1179155,2017-10-10T17:01:41.000Z
1179156,2017-10-10T17:07:55.000Z
1179161,2017-10-10T17:17:54.000Z
1179163,2017-10-10T17:39:34.000Z
1179164,2017-10-10T17:41:04.000Z
1179166,2017-10-10T17:47:17.000Z
1179176,2017-10-10T18:33:15.000Z
1179175,2017-10-10T18:41:16.000Z
1179178,2017-10-10T18:52:39.000Z
1179182,2017-10-10T19:12:12.000Z
1179191,2017-10-10T20:05:32.000Z
1179195,2017-10-10T20:31:13.000Z
1179202,2017-10-10T20:57:13.000Z
1179203,2017-10-10T20:58:03.000Z
1179213,2017-10-10T21:44:28.000Z
1179214,2017-10-10T21:44:30.000Z
1179216,2017-10-10T21:54:03.000Z
1179222,2017-10-10T22:42:58.000Z
1179233,2017-10-10T23:57:50.000Z
1179239,2017-10-11T00:30:11.000Z
1179251,2017-10-11T02:25:17.000Z
1179271,2017-10-11T05:30:41.000Z
1179270,2017-10-11T05:31:13.000Z
1179297,2017-10-11T08:44:08.000Z
1179301,2017-10-11T09:05:41.000Z
1179303,2017-10-11T09:12:37.000Z
1179302,2017-10-11T09:13:35.000Z
1179306,2017-10-11T09:44:01.000Z
1179308,2017-10-11T10:06:43.000Z
1179309,2017-10-11T10:11:53.000Z
1179310,2017-10-11T10:21:41.000Z
1179311,2017-10-11T10:27:31.000Z
1179312,2017-10-11T10:28:31.000Z
1179313,2017-10-11T10:29:58.000Z
1179316,2017-10-11T10:39:02.000Z
1179320,2017-10-11T11:04:24.000Z
1179321,2017-10-11T11:18:41.000Z
1179322,2017-10-11T11:23:54.000Z
1179323,2017-10-11T11:28:03.000Z
1179324,2017-10-11T11:37:31.000Z
1179327,2017-10-11T11:57:03.000Z
1179331,2017-10-11T12:30:32.000Z
1179336,2017-10-11T12:53:02.000Z
1179337,2017-10-11T13:01:19.000Z
1179338,2017-10-11T13:14:28.000Z
1179339,2017-10-11T13:19:38.000Z
1179347,2017-10-11T13:49:30.000Z
1179284,2017-10-11T13:53:46.000Z
1179350,2017-10-11T14:14:30.000Z
1179333,2017-10-11T14:15:16.000Z
1179351,2017-10-11T14:16:36.000Z
1179353,2017-10-11T14:37:48.000Z
1179354,2017-10-11T14:42:12.000Z
1179356,2017-10-11T14:49:52.000Z
1179371,2017-10-11T16:19:15.000Z
1179375,2017-10-11T16:45:11.000Z
1179378,2017-10-11T16:59:21.000Z
1179389,2017-10-11T18:00:26.000Z
1179394,2017-10-11T18:25:13.000Z
1179398,2017-10-11T18:58:03.000Z
1179403,2017-10-11T19:28:35.000Z
1179411,2017-10-11T20:11:10.000Z
1179415,2017-10-11T20:24:34.000Z
1179440,2017-10-11T22:42:55.000Z
1179437,2017-10-11T22:54:41.000Z
1176838,2017-10-11T23:18:18.000Z
1179450,2017-10-11T23:37:20.000Z
1179453,2017-10-12T01:24:57.000Z
1179457,2017-10-12T02:27:33.000Z
1179462,2017-10-12T03:33:28.000Z
1179482,2017-10-12T06:46:30.000Z
1179483,2017-10-12T07:32:49.000Z
1179485,2017-10-12T07:49:53.000Z
1179488,2017-10-12T08:32:21.000Z
1179489,2017-10-12T08:36:49.000Z
1179493,2017-10-12T09:16:47.000Z
1179504,2017-10-12T12:08:34.000Z
1179507,2017-10-12T12:35:41.000Z
1179531,2017-10-12T15:55:36.000Z
1179600,2017-10-13T01:14:14.000Z
1179603,2017-10-13T01:30:34.000Z
1179619,2017-10-13T03:02:53.000Z
1179620,2017-10-13T03:30:50.000Z
1179623,2017-10-13T04:19:37.000Z
1179630,2017-10-13T05:55:18.000Z
1179627,2017-10-13T06:21:33.000Z
1179636,2017-10-13T07:10:15.000Z
1179643,2017-10-13T08:17:34.000Z
1179645,2017-10-13T08:29:45.000Z
1179649,2017-10-13T09:07:52.000Z
1179653,2017-10-13T09:39:43.000Z
1179654,2017-10-13T10:48:40.000Z
1179666,2017-10-13T13:06:21.000Z
1179668,2017-10-13T13:13:06.000Z
1179684,2017-10-13T14:37:43.000Z
1179691,2017-10-13T15:40:53.000Z
1179693,2017-10-13T15:45:28.000Z
1179711,2017-10-13T18:14:51.000Z
1179715,2017-10-13T18:39:59.000Z
1179722,2017-10-13T19:28:13.000Z
1179728,2017-10-13T19:56:18.000Z
1179740,2017-10-13T21:23:08.000Z
1179751,2017-10-13T23:44:55.000Z
1179755,2017-10-14T00:33:29.000Z
1179758,2017-10-14T01:22:26.000Z
1179767,2017-10-14T04:04:16.000Z
1179769,2017-10-14T04:24:09.000Z
1179774,2017-10-14T05:40:38.000Z
1179778,2017-10-14T07:10:07.000Z
1179779,2017-10-14T07:37:57.000Z
1179792,2017-10-14T11:12:25.000Z
1179799,2017-10-14T12:51:50.000Z
1179830,2017-10-14T16:07:23.000Z
1179840,2017-10-14T17:14:08.000Z
1179846,2017-10-14T18:40:49.000Z
1179848,2017-10-14T18:45:22.000Z
1179852,2017-10-14T19:32:55.000Z
1179943,2017-10-15T12:33:35.000Z
1179944,2017-10-15T12:57:30.000Z
1179945,2017-10-15T13:16:32.000Z
1179947,2017-10-15T13:24:38.000Z
1179950,2017-10-15T13:53:26.000Z
1179957,2017-10-15T14:41:51.000Z
1179968,2017-10-15T15:29:36.000Z
1179971,2017-10-15T15:50:49.000Z
1179977,2017-10-15T16:35:38.000Z
1179982,2017-10-15T17:01:40.000Z
1179983,2017-10-15T17:02:35.000Z
1179985,2017-10-15T17:18:45.000Z
1179995,2017-10-15T18:31:51.000Z
1180002,2017-10-15T20:20:33.000Z
1180011,2017-10-15T20:52:47.000Z
1180035,2017-10-16T01:00:12.000Z
1180048,2017-10-16T02:41:19.000Z
1180051,2017-10-16T03:15:02.000Z
1180071,2017-10-16T07:10:09.000Z
1180082,2017-10-16T09:59:50.000Z
1180085,2017-10-16T10:25:22.000Z
1180098,2017-10-16T12:58:55.000Z
1180104,2017-10-16T13:35:10.000Z
1180108,2017-10-16T14:50:02.000Z
1180112,2017-10-16T15:18:05.000Z
1180114,2017-10-16T15:27:22.000Z
1180117,2017-10-16T15:41:26.000Z
1180125,2017-10-16T16:11:47.000Z
1180127,2017-10-16T16:22:23.000Z
1180128,2017-10-16T16:23:42.000Z
1180130,2017-10-16T16:29:19.000Z
1180131,2017-10-16T16:31:11.000Z
1180136,2017-10-16T17:05:24.000Z
1180153,2017-10-16T18:51:11.000Z
1180156,2017-10-16T19:00:57.000Z
1180158,2017-10-16T19:21:16.000Z
1180143,2017-10-16T19:57:49.000Z
1180167,2017-10-16T21:10:01.000Z
1180178,2017-10-16T22:23:55.000Z
1180194,2017-10-17T02:24:36.000Z
1180069,2017-10-17T05:51:03.000Z
1180213,2017-10-17T07:03:46.000Z
1180221,2017-10-17T08:13:33.000Z
1180229,2017-10-17T11:19:55.000Z
1180240,2017-10-17T12:04:03.000Z
1180256,2017-10-17T14:39:18.000Z
1180255,2017-10-17T14:39:44.000Z
1180257,2017-10-17T14:44:09.000Z
1180261,2017-10-17T15:05:37.000Z
1180266,2017-10-17T15:37:10.000Z
1180268,2017-10-17T15:42:26.000Z
1180275,2017-10-17T16:04:49.000Z
1180277,2017-10-17T16:21:03.000Z
1180280,2017-10-17T16:36:34.000Z
1180323,2017-10-17T20:24:29.000Z
1180325,2017-10-17T20:43:50.000Z
1180342,2017-10-17T23:39:28.000Z
1180343,2017-10-17T23:50:54.000Z
1180345,2017-10-18T00:27:10.000Z
1180351,2017-10-18T01:22:20.000Z
1180355,2017-10-18T02:18:51.000Z
1180367,2017-10-18T04:31:31.000Z
1180369,2017-10-18T06:04:09.000Z
1180374,2017-10-18T07:53:39.000Z
1180383,2017-10-18T11:26:25.000Z
1180387,2017-10-18T11:38:11.000Z
1180393,2017-10-18T12:10:11.000Z
1180394,2017-10-18T12:13:26.000Z
1180404,2017-10-18T13:15:59.000Z
1180407,2017-10-18T13:45:07.000Z
1180410,2017-10-18T14:02:31.000Z
1180409,2017-10-18T14:07:24.000Z
1180414,2017-10-18T14:11:01.000Z
1180419,2017-10-18T14:52:47.000Z
1180422,2017-10-18T14:56:10.000Z
1180426,2017-10-18T15:26:29.000Z
1180430,2017-10-18T15:50:02.000Z
1180437,2017-10-18T16:32:07.000Z
1180439,2017-10-18T16:41:55.000Z
1180440,2017-10-18T16:44:07.000Z
1180442,2017-10-18T16:50:50.000Z
1180448,2017-10-18T17:33:25.000Z
1180458,2017-10-18T18:33:14.000Z
1180460,2017-10-18T19:17:28.000Z
1180478,2017-10-18T20:49:23.000Z
1180482,2017-10-18T21:00:19.000Z
1180487,2017-10-18T21:32:08.000Z
1180509,2017-10-19T01:43:33.000Z
1180511,2017-10-19T02:18:03.000Z
1180512,2017-10-19T02:28:39.000Z
1180514,2017-10-19T02:48:16.000Z
1180515,2017-10-19T02:51:36.000Z
1180523,2017-10-19T04:27:43.000Z
1180524,2017-10-19T04:32:26.000Z
1180533,2017-10-19T06:33:33.000Z
1180539,2017-10-19T08:12:58.000Z
1180544,2017-10-19T08:23:15.000Z
1180548,2017-10-19T09:07:48.000Z
1180554,2017-10-19T10:29:30.000Z
1180556,2017-10-19T10:57:19.000Z
1180557,2017-10-19T11:10:55.000Z
1180561,2017-10-19T12:02:46.000Z
1180562,2017-10-19T12:16:33.000Z
1180565,2017-10-19T12:40:57.000Z
1180567,2017-10-19T13:11:41.000Z
1180566,2017-10-19T13:12:40.000Z
1180569,2017-10-19T13:27:03.000Z
1180570,2017-10-19T13:29:44.000Z
1180584,2017-10-19T15:04:54.000Z
1180596,2017-10-19T16:05:35.000Z
1180597,2017-10-19T16:07:43.000Z
1180612,2017-10-19T17:49:16.000Z
1180619,2017-10-19T18:28:33.000Z
1180624,2017-10-19T19:03:57.000Z
1180639,2017-10-19T20:25:00.000Z
1180659,2017-10-19T22:42:06.000Z
1180660,2017-10-19T23:01:21.000Z
1180675,2017-10-20T02:47:04.000Z
1180678,2017-10-20T02:48:11.000Z
1180683,2017-10-20T03:42:01.000Z
1180693,2017-10-20T06:00:47.000Z
1180697,2017-10-20T07:11:46.000Z
1180700,2017-10-20T07:37:15.000Z
1180703,2017-10-20T08:18:22.000Z
1180704,2017-10-20T08:25:20.000Z
1180707,2017-10-20T08:35:05.000Z
1180685,2017-10-20T08:57:26.000Z
1180714,2017-10-20T10:23:36.000Z
1180715,2017-10-20T10:27:43.000Z
1180718,2017-10-20T10:48:30.000Z
1180724,2017-10-20T12:07:19.000Z
1180729,2017-10-20T12:30:19.000Z
1180733,2017-10-20T13:00:32.000Z
1180734,2017-10-20T13:16:24.000Z
1180735,2017-10-20T13:16:54.000Z
1180736,2017-10-20T13:37:25.000Z
1180740,2017-10-20T14:12:13.000Z
1180745,2017-10-20T14:39:32.000Z
1180748,2017-10-20T14:45:21.000Z
1180755,2017-10-20T15:44:52.000Z
1180764,2017-10-20T16:43:34.000Z
1180769,2017-10-20T17:03:29.000Z
1180778,2017-10-20T18:22:21.000Z
1180781,2017-10-20T18:41:33.000Z
1180798,2017-10-20T20:49:53.000Z
1180800,2017-10-20T21:03:48.000Z
1180801,2017-10-20T21:05:12.000Z
1180807,2017-10-20T21:22:46.000Z
1180805,2017-10-20T21:28:41.000Z
1180809,2017-10-20T21:37:36.000Z
1180811,2017-10-20T22:15:10.000Z
